seed,pin_set,lexicon-regular-family,monophyly-goblinoid,clean-outgroup-kobold,inventory-closure-goblin,inventory-closure-hobgoblin,inventory-closure-bugbear,inventory-closure-kobold,divergence-magnitude-goblin,divergence-magnitude-hobgoblin,divergence-magnitude-bugbear,divergence-real,homophony-count-goblin,homophony-count-hobgoblin,homophony-count-bugbear,homophony-count-kobold,core-homophony-goblin,core-homophony-hobgoblin,core-homophony-bugbear,core-homophony-kobold,homophony-merger-share-goblin,homophony-merger-share-hobgoblin,homophony-merger-share-bugbear,homophony-merger-share-kobold,refusal
0,default,true,true,true,true,true,true,true,4,4,5,true,5,0,5,7,4,0,2,1,1,,1,0.6,
1,default,true,true,true,true,true,true,true,2,2,4,true,35,39,84,40,11,15,30,13,0.25,0.5,1,1,
2,default,true,true,true,true,true,true,true,5,1,3,true,26,16,66,16,8,8,15,7,0.28571429,0.2,1,0.375,
3,default,true,true,true,true,true,true,true,1,1,2,true,5,3,4,56,0,0,0,18,0.4,0.33333333,0.5,1,
4,default,true,true,true,true,true,true,true,3,1,3,true,12,13,50,154,2,4,17,45,0,0.5,0.88888889,0.66666667,
5,default,true,true,true,true,true,true,true,5,6,5,true,3,9,1,19,0,1,0,3,0.66666667,1,0,0,
6,default,true,true,true,true,true,true,true,3,2,2,true,25,22,56,19,9,7,20,9,0.8,0.75,1,0,
7,default,true,true,true,true,true,true,true,4,6,8,true,4,3,11,14,0,1,3,2,0.75,1,1,0,
8,default,true,true,true,true,true,true,true,2,1,6,true,12,25,47,43,6,20,26,21,0,0.42857143,0.83333333,0.88888889,
9,default,true,true,true,true,true,true,true,4,3,4,true,6,3,12,7,1,1,5,1,0.25,0,0.8,0.66666667,
10,default,true,true,true,true,true,true,true,1,2,4,true,9,6,29,6,1,1,7,1,0.14285714,0,0.8,1,
11,default,true,true,true,true,true,true,true,2,1,3,true,5,8,15,9,1,2,4,2,0,0.5,0.83333333,0.8,
12,default,true,true,true,true,true,true,true,4,6,8,true,15,13,59,18,1,1,22,9,0.33333333,0.5,1,0,
13,default,true,true,true,true,true,true,true,1,1,3,true,29,26,35,68,8,8,12,22,0,0,0.5,1,
14,default,true,true,true,true,true,true,true,4,5,3,true,37,29,66,35,12,10,23,8,0.33333333,0.2,0.85714286,0.36363636,
15,default,true,true,true,true,true,true,true,6,4,7,true,9,1,19,0,2,0,5,0,1,1,1,,
16,default,true,true,true,true,true,true,true,3,3,5,true,6,1,4,19,1,0,0,2,0.83333333,0,0.75,0.83333333,
17,default,true,true,true,true,true,true,true,3,1,5,true,5,5,4,85,0,1,0,34,0.4,0.33333333,0.5,0,
18,default,true,true,true,true,true,true,true,2,2,3,true,14,35,35,11,4,13,14,2,0,0.75,0.875,0.6,
19,default,true,true,true,true,true,true,true,3,3,3,true,2,0,19,10,0,0,12,1,0.5,,1,0,
20,default,true,true,true,true,true,true,true,2,2,2,true,15,10,32,24,6,2,11,6,0.375,0,0.71428571,0.66666667,
21,default,true,true,true,true,true,true,true,4,4,5,true,5,6,2,25,1,3,0,6,1,1,0.5,0.875,
22,default,true,true,true,true,true,true,true,2,1,3,true,18,14,61,7,8,8,25,1,0.14285714,0,1,0,
23,default,true,true,true,true,true,true,true,4,4,4,true,12,7,15,9,3,3,8,4,0.83333333,0.71428571,0.83333333,0.71428571,
24,default,true,true,true,true,true,true,true,3,3,4,true,3,5,3,15,1,4,3,6,0.66666667,1,1,0.57142857,
25,default,true,true,true,true,true,true,true,1,2,3,true,8,5,18,34,2,2,6,15,0,0,0.88888889,0,
26,default,true,true,true,true,true,true,true,4,0,5,true,3,3,2,26,2,3,2,12,0.66666667,0.66666667,0.5,0.875,
27,default,true,true,true,true,true,true,true,6,0,3,true,17,9,22,31,7,4,9,5,0.7,0.25,0.66666667,1,
28,default,true,true,true,true,true,true,true,2,2,3,true,26,17,34,9,8,7,15,2,0.4,0.4,0.77777778,0,
29,default,true,true,true,true,true,true,true,2,2,3,true,0,1,11,27,0,1,3,3,,1,1,0.83333333,
30,default,true,true,true,true,true,true,true,1,3,3,true,4,10,22,7,3,7,17,4,0,0.625,0.81818182,0,
31,default,true,true,true,true,true,true,true,2,1,2,true,10,25,37,14,3,10,13,8,0.16666667,0.85714286,1,0.71428571,
32,default,true,true,true,true,true,true,true,2,1,5,true,7,22,13,17,3,10,5,3,1,1,1,0,
33,default,true,true,true,true,true,true,true,2,2,4,true,16,18,29,4,10,10,14,1,0,0.16666667,0.5,0,
34,default,true,true,true,true,true,true,true,4,1,6,true,10,8,49,96,3,3,12,51,0,0,0.75,1,
35,default,true,true,true,true,true,true,true,3,2,5,true,24,26,51,6,8,8,20,3,0.83333333,0.5,0.83333333,0,
36,default,true,true,true,true,true,true,true,5,3,5,true,8,7,10,4,3,2,2,1,0.5,0.4,0.6,0,
37,default,true,true,true,true,true,true,true,2,3,4,true,11,31,41,9,5,13,20,4,0,0.88888889,0.875,0,
38,default,true,true,true,true,true,true,true,4,2,4,true,11,29,56,14,3,8,18,5,0.2,0.75,0.8,0.1,
39,default,true,true,true,true,true,true,true,1,1,4,true,17,9,18,18,6,5,11,7,0.625,0.42857143,0.75,0.5,
40,default,true,true,true,true,true,true,true,3,2,4,true,3,1,1,15,2,0,0,7,0.66666667,0,0,0.75,
41,default,true,true,true,true,true,true,true,2,3,4,true,2,1,1,39,0,0,0,8,0.5,0,0,0.44444444,
42,default,true,true,true,true,true,true,true,3,2,3,true,8,8,26,61,4,4,11,19,0,0.16666667,0.71428571,0.75,
43,default,true,true,true,true,true,true,true,2,2,3,true,12,8,47,15,4,6,20,8,0.6,0.5,0.75,0.54545455,
44,default,true,true,true,true,true,true,true,3,2,3,true,19,8,21,5,5,3,3,2,1,0.83333333,0.85714286,0,
45,default,true,true,true,true,true,true,true,0,1,3,true,9,7,17,13,2,2,2,4,0.66666667,0.66666667,0.875,0.83333333,
46,default,true,true,true,true,true,true,true,2,3,4,true,23,10,14,94,5,2,4,34,1,0.6,0.6,1,
47,default,true,true,true,true,true,true,true,3,2,3,true,3,1,9,18,1,0,4,7,0.66666667,0,0.85714286,1,
48,default,true,true,true,true,true,true,true,1,1,3,true,9,18,19,34,3,4,9,10,0,0.42857143,0.6,0.54545455,
49,default,true,true,true,true,true,true,true,2,1,3,true,13,32,41,2,5,15,13,0,0.88888889,1,1,0.5,
50,default,true,true,true,true,true,true,true,4,3,6,true,4,3,14,20,0,0,1,6,0,0,0.8,0,
51,default,true,true,true,true,true,true,true,4,3,4,true,26,7,23,21,7,2,10,6,0.83333333,0.42857143,0.75,0.85714286,
52,default,true,true,true,true,true,true,true,1,1,3,true,58,46,85,16,25,25,42,4,0,0.14285714,0.33333333,0.77777778,
53,default,true,true,true,true,true,true,true,1,1,5,true,15,3,28,1,6,1,10,1,1,1,1,1,
54,default,true,true,true,true,true,true,true,5,2,5,true,4,7,8,15,1,3,3,5,0.75,0.8,0.83333333,1,
55,default,true,true,true,true,true,true,true,5,2,8,true,6,2,30,12,1,0,8,3,0.5,0,0.88888889,0.28571429,
56,default,true,true,true,true,true,true,true,5,3,8,true,12,10,23,16,2,3,9,5,0.375,0.5,0.875,0,
57,default,true,true,true,true,true,true,true,4,4,4,true,15,7,16,8,2,1,3,3,1,1,1,0,
58,default,true,true,true,true,true,true,true,6,3,3,true,91,24,46,7,22,5,10,2,0.55555556,0.1,0.4,0,
59,default,true,true,true,true,true,true,true,4,5,9,true,7,3,31,8,2,1,13,2,1,0.66666667,1,0.66666667,
60,default,true,true,true,true,true,true,true,6,5,6,true,17,9,16,18,3,2,4,7,0.66666667,0.4,0.6,0,
61,default,true,true,true,true,true,true,true,1,0,3,true,10,7,28,40,5,5,12,22,0,0,0.8,0,
62,default,true,true,true,true,true,true,true,2,1,1,true,30,59,112,24,4,22,36,8,0.18181818,0.8,1,0,
63,default,true,true,true,true,true,true,true,3,2,5,true,20,40,43,19,9,14,22,7,0.5,1,0.66666667,0.375,
64,default,true,true,true,true,true,true,true,4,1,3,true,29,12,61,10,9,5,16,3,0.75,0.6,0.83333333,0.16666667,
65,default,true,true,true,true,true,true,true,2,2,6,true,13,2,8,14,4,0,4,4,0.83333333,0,0.75,0,
66,default,true,true,true,true,true,true,true,5,4,6,true,44,14,19,44,11,9,4,15,1,1,0.88888889,0.88888889,
67,default,true,true,true,true,true,true,true,4,2,3,true,5,2,5,16,1,0,1,6,0.66666667,0,0.66666667,1,
68,default,true,true,true,true,true,true,true,2,3,6,true,3,9,5,0,1,3,1,0,0,1,0.66666667,,
69,default,true,true,true,true,true,true,true,4,4,6,true,4,4,26,164,3,2,7,64,0.5,0.5,0.83333333,0.7,
70,default,true,true,true,true,true,true,true,3,1,3,true,9,8,44,174,2,2,12,78,0,0,0.88888889,1,
71,default,true,true,true,true,true,true,true,5,1,2,true,37,6,11,11,12,2,3,4,0.83333333,0.25,0.57142857,0.25,
72,default,true,true,true,true,true,true,true,3,3,5,true,8,10,13,47,2,3,5,18,0.66666667,0.83333333,0.85714286,1,
73,default,true,true,true,true,true,true,true,2,0,4,true,35,94,230,3,14,29,64,0,0,1,1,0.33333333,
74,default,true,true,true,true,true,true,true,2,4,3,true,15,13,36,5,4,3,15,1,0.66666667,0.57142857,1,0.6,
75,default,true,true,true,true,true,true,true,1,2,2,true,8,10,14,18,4,7,9,4,0.75,0.6,0.85714286,1,
76,default,true,true,true,true,true,true,true,4,3,7,true,16,14,26,53,5,4,6,15,0.77777778,0.85714286,0.875,0.625,
77,default,true,true,true,true,true,true,true,1,2,4,true,10,6,24,33,2,1,4,10,0.25,0,0.75,0.875,
78,default,true,true,true,true,true,true,true,6,3,8,true,7,2,14,52,5,1,8,11,0.8,0,1,0.85714286,
79,default,true,true,true,true,true,true,true,1,1,3,true,4,2,25,36,0,0,8,8,0.75,1,1,0.55555556,
80,default,true,true,true,true,true,true,true,4,3,4,true,11,11,26,24,1,1,5,9,0,0,0.75,0.8,
81,default,true,true,true,true,true,true,true,3,3,2,true,12,9,20,5,3,3,9,2,0.4,0.4,1,1,
82,default,true,true,true,true,true,true,true,4,2,6,true,2,11,26,30,0,2,6,11,0,1,0.88888889,0.71428571,
83,default,true,true,true,true,true,true,true,1,3,3,true,14,10,26,25,4,4,7,5,0,0,0.6,1,
84,default,true,true,true,true,true,true,true,2,3,5,true,23,13,6,22,10,7,1,8,0.75,0.85714286,0.5,0,
85,default,true,true,true,true,true,true,true,1,0,2,true,12,10,24,77,3,3,8,25,0,0,0.7,0,
86,default,true,true,true,true,true,true,true,1,0,3,true,14,13,41,35,5,5,14,15,0,0,0.85714286,0,
87,default,true,true,true,true,true,true,true,1,1,5,true,17,7,37,20,4,2,12,7,1,0.2,1,0.85714286,
88,default,true,true,true,true,true,true,true,3,4,4,true,6,6,25,6,2,2,8,1,0.83333333,0.83333333,1,1,
89,default,true,true,true,true,true,true,true,2,5,5,true,1,1,2,3,1,1,1,2,0,0,0.5,0,
90,default,true,true,true,true,true,true,true,4,3,2,true,15,6,11,16,4,2,3,7,1,0.75,0.88888889,0.625,
91,default,true,true,true,true,true,true,true,4,2,5,true,6,6,5,65,2,2,2,19,0.66666667,0.5,0.6,0.57142857,
92,default,true,true,true,true,true,true,true,1,3,2,true,41,40,32,26,15,15,12,8,0.88888889,1,0.83333333,0.71428571,
93,default,true,true,true,true,true,true,true,5,5,2,true,8,4,6,1,3,2,3,0,1,1,1,0,
94,default,true,true,true,true,true,true,true,2,0,5,true,8,6,35,4,1,1,6,0,0,0,0.85714286,0.5,
95,default,true,true,true,true,true,true,true,2,2,5,true,17,9,82,27,2,2,37,10,0,0,1,0,
96,default,true,true,true,true,true,true,true,0,0,3,true,15,34,24,4,5,12,10,1,0,1,0.71428571,0.25,
97,default,true,true,true,true,true,true,true,2,0,3,true,7,14,7,4,1,4,2,1,0.4,1,0.6,0.25,
98,default,true,true,true,true,true,true,true,3,3,5,true,18,4,20,4,3,0,4,2,0.85714286,0,0.75,0,
99,default,true,true,true,true,true,true,true,2,5,6,true,18,7,16,23,3,3,4,9,1,0,1,0,
100,default,true,true,true,true,true,true,true,5,3,12,true,22,8,38,19,8,7,21,4,0.5,0.33333333,0.9,0.875,
101,default,true,true,true,true,true,true,true,1,1,4,true,6,5,5,6,1,1,2,3,1,1,1,0,
102,default,true,true,true,true,true,true,true,4,1,4,true,3,2,9,59,1,0,2,37,0.66666667,0.5,0.75,0,
103,default,true,true,true,true,true,true,true,2,2,3,true,9,3,8,21,1,0,2,5,0.75,0.33333333,1,0.2,
104,default,true,true,true,true,true,true,true,2,5,2,true,30,105,166,7,5,41,42,2,0.42857143,1,1,0.14285714,
105,default,true,true,true,true,true,true,true,0,4,6,true,3,5,6,33,2,3,5,13,0.33333333,0.6,0.5,0.875,
106,default,true,true,true,true,true,true,true,3,2,5,true,25,7,29,19,9,2,20,3,1,0.57142857,1,0.83333333,
107,default,true,true,true,true,true,true,true,4,5,5,true,31,14,11,6,12,5,4,2,0.875,0.85714286,0.77777778,1,
108,default,true,true,true,true,true,true,true,4,2,5,true,5,22,97,35,1,14,51,19,0.2,0.83333333,1,0,
109,default,true,true,true,true,true,true,true,8,4,9,true,3,2,8,8,1,0,0,0,0.66666667,0.5,0.66666667,0.66666667,
110,default,true,true,true,true,true,true,true,0,1,3,true,0,0,2,13,0,0,1,3,,,1,0.83333333,
111,default,true,true,true,true,true,true,true,3,0,4,true,18,7,14,50,4,3,6,14,0.42857143,0,0.55555556,0,
112,default,true,true,true,true,true,true,true,5,5,5,true,20,10,1,18,6,3,1,5,1,1,1,1,
113,default,true,true,true,true,true,true,true,3,4,3,true,17,1,17,26,6,1,5,8,0.83333333,0,0.83333333,0.6,
114,default,true,true,true,true,true,true,true,1,3,3,true,4,8,20,6,1,3,6,2,0.5,0.75,1,0.25,
115,default,true,true,true,true,true,true,true,1,0,5,true,19,13,24,59,2,2,6,28,0,0,0.5,0.5,
116,default,true,true,true,true,true,true,true,4,4,5,true,4,4,34,82,1,1,12,25,0.5,0.5,1,1,
117,default,true,true,true,true,true,true,true,5,4,5,true,12,7,9,43,5,5,5,8,0.83333333,0.6,0.5,0.57142857,
118,default,true,true,true,true,true,true,true,1,2,1,true,79,32,56,8,22,11,21,2,0.85714286,0,0.42857143,0.66666667,
119,default,true,true,true,true,true,true,true,3,2,6,true,6,2,6,68,4,2,4,18,0.5,0,0.66666667,0,
120,default,true,true,true,true,true,true,true,4,2,1,true,1,1,5,57,0,0,0,17,1,1,1,0.5,
121,default,true,true,true,true,true,true,true,5,4,4,true,6,5,32,2,5,5,13,1,0.5,0.66666667,1,0,
122,default,true,true,true,true,true,true,true,3,1,3,true,7,5,10,4,2,1,3,1,1,1,1,0,
123,default,true,true,true,true,true,true,true,5,6,3,true,4,7,5,12,3,3,3,4,0,0.4,0.2,0.33333333,
124,default,true,true,true,true,true,true,true,3,1,3,true,12,11,69,34,5,4,20,15,0.2,0,1,0.875,
125,default,true,true,true,true,true,true,true,1,1,4,true,7,1,29,10,2,1,9,4,0.8,0,1,0.6,
126,default,true,true,true,true,true,true,true,3,2,2,true,7,7,54,30,4,2,20,13,0.33333333,0.4,1,0.875,
127,default,true,true,true,true,true,true,true,4,5,6,true,33,11,82,18,12,5,35,6,0.375,0,1,0.75,
128,default,true,true,true,true,true,true,true,4,0,3,true,19,8,47,7,3,2,18,2,0.5,0.33333333,1,0,
129,default,true,true,true,true,true,true,true,5,2,4,true,7,2,13,4,4,1,1,2,0.71428571,0.5,0.66666667,1,
130,default,true,true,true,true,true,true,true,3,3,4,true,4,2,4,74,4,2,3,21,0.5,0,0.5,0,
131,default,true,true,true,true,true,true,true,3,5,4,true,10,1,23,14,5,1,9,2,0.83333333,0,1,0.71428571,
132,default,true,true,true,true,true,true,true,4,7,4,true,6,15,6,80,1,8,3,31,0.25,0.83333333,0.25,0.5,
133,default,true,true,true,true,true,true,true,4,4,4,true,2,5,25,4,1,2,10,1,0,0.6,1,0,
134,default,true,true,true,true,true,true,true,5,3,8,true,2,2,28,14,1,1,8,5,0,0,1,1,
135,default,true,true,true,true,true,true,true,3,1,4,true,5,1,5,14,0,0,2,4,1,1,1,0.66666667,
136,default,true,true,true,true,true,true,true,2,1,4,true,38,8,4,8,9,0,1,2,1,0.75,0.5,0.125,
137,default,true,true,true,true,true,true,true,4,5,5,true,3,2,19,57,3,2,11,25,0.33333333,0,1,1,
138,default,true,true,true,true,true,true,true,2,1,6,true,9,9,19,7,1,1,3,2,0,0,0.5,0.5,
139,default,true,true,true,true,true,true,true,1,3,5,true,2,1,6,34,2,0,3,6,1,1,1,0,
140,default,true,true,true,true,true,true,true,3,3,5,true,0,0,6,4,0,0,1,2,,,1,0.25,
141,default,true,true,true,true,true,true,true,6,4,6,true,9,16,43,8,3,7,19,3,0.8,0.83333333,1,0.5,
142,default,true,true,true,true,true,true,true,5,3,5,true,5,1,12,17,1,0,3,5,1,1,1,0.2,
143,default,true,true,true,true,true,true,true,5,1,3,true,23,16,36,6,11,10,20,2,0.25,0,0.75,0.75,
144,default,true,true,true,true,true,true,true,4,2,4,true,1,2,3,66,0,0,0,25,0,1,1,0,
145,default,true,true,true,true,true,true,true,1,0,3,true,8,9,43,8,3,3,14,4,0,0,0.875,0.75,
146,default,true,true,true,true,true,true,true,4,1,5,true,3,1,20,14,0,0,6,4,0.33333333,0,0.83333333,0,
147,default,true,true,true,true,true,true,true,7,5,8,true,9,5,17,8,3,3,11,2,0.6,0.33333333,0.85714286,0,
148,default,true,true,true,true,true,true,true,3,2,4,true,7,6,7,9,3,1,1,0,0.2,0.25,0.4,0,
149,default,true,true,true,true,true,true,true,4,0,4,true,14,6,13,55,7,2,4,28,1,0.5,1,0.25,
150,default,true,true,true,true,true,true,true,1,3,2,true,11,34,12,4,2,9,3,2,0.33333333,1,0.66666667,0.75,
151,default,true,true,true,true,true,true,true,3,1,5,true,22,12,83,86,10,7,34,19,0.30769231,0,1,1,
152,default,true,true,true,true,true,true,true,3,3,7,true,5,12,94,1,0,5,31,1,0,1,1,0,
153,default,true,true,true,true,true,true,true,5,7,5,true,5,5,29,19,4,4,5,7,1,1,1,0,
154,default,true,true,true,true,true,true,true,4,3,6,true,3,3,5,47,1,1,1,18,0.66666667,0.66666667,0.8,1,
155,default,true,true,true,true,true,true,true,4,5,6,true,11,8,3,25,1,1,0,10,0.85714286,1,0.33333333,0,
156,default,true,true,true,true,true,true,true,5,1,4,true,12,5,30,10,3,2,13,5,0.125,0,0.75,0.83333333,
157,default,true,true,true,true,true,true,true,4,2,2,true,3,7,14,29,3,3,7,16,0.66666667,0.8,1,0.66666667,
158,default,true,true,true,true,true,true,true,5,5,5,true,2,11,12,27,1,4,4,9,0.5,1,0.875,0.7,
159,default,true,true,true,true,true,true,true,1,2,5,true,25,33,47,5,11,13,17,5,0.8,0.875,0.88888889,0.6,
160,default,true,true,true,true,true,true,true,2,3,7,true,0,0,4,24,0,0,0,7,,,1,1,
161,default,true,true,true,true,true,true,true,3,2,4,true,3,6,6,11,0,1,1,3,0,0.5,0.5,0.5,
162,default,true,true,true,true,true,true,true,5,5,3,true,4,2,3,33,2,2,2,8,1,1,1,0.85714286,
163,default,true,true,true,true,true,true,true,6,2,5,true,1,6,7,4,0,2,2,1,0,0.75,0.8,0.5,
164,default,true,true,true,true,true,true,true,5,6,2,true,29,13,18,4,4,4,7,2,0.9,0.66666667,0.83333333,0.5,
165,default,true,true,true,true,true,true,true,0,2,1,true,13,3,0,15,8,3,0,10,1,1,,0,
166,default,true,true,true,true,true,true,true,1,3,4,true,7,4,10,20,2,2,4,11,0.8,0.5,0.75,0.5,
167,default,true,true,true,true,true,true,true,4,3,7,true,2,1,6,14,2,1,2,4,0.5,0,0.75,0.625,
168,default,true,true,true,true,true,true,true,4,2,7,true,38,20,67,35,14,7,23,10,0.5,0.28571429,0.85714286,0,
169,default,true,true,true,true,true,true,true,3,3,5,true,20,11,28,5,7,6,8,1,0.66666667,0.5,0.8,0.4,
170,default,true,true,true,true,true,true,true,3,2,3,true,33,20,35,6,11,10,17,0,0.33333333,0,0.41666667,0,
171,default,true,true,true,true,true,true,true,7,5,6,true,0,1,15,10,0,0,6,3,,1,1,0.875,
172,default,true,true,true,true,true,true,true,4,2,5,true,28,13,66,5,10,5,38,3,0.55555556,0.22222222,0.5,0,
173,default,true,true,true,true,true,true,true,4,1,4,true,8,11,13,120,1,4,5,53,0,0.75,0.625,0,
174,default,true,true,true,true,true,true,true,2,0,5,true,32,29,178,29,12,11,76,20,0.14285714,0,0.88888889,0,
175,default,true,true,true,true,true,true,true,2,4,5,true,13,12,33,23,3,4,12,8,0.66666667,0.75,0.9,0,
176,default,true,true,true,true,true,true,true,5,2,6,true,7,4,13,18,0,0,3,9,0.4,0.5,1,0,
177,default,true,true,true,true,true,true,true,1,0,2,true,148,111,171,29,39,39,59,7,0,0,0.8,0.66666667,
178,default,true,true,true,true,true,true,true,3,3,2,true,10,8,16,4,5,4,6,3,0.5,0.33333333,0.57142857,0,
179,default,true,true,true,true,true,true,true,4,3,6,true,4,4,12,118,1,2,3,38,1,0.75,0.66666667,1,
180,default,true,true,true,true,true,true,true,4,0,4,true,0,0,11,7,0,0,7,4,,,1,0.6,
181,default,true,true,true,true,true,true,true,3,3,4,true,1,1,5,77,1,1,2,34,0,0,0.8,0.5,
182,default,true,true,true,true,true,true,true,1,0,1,true,39,24,95,1,5,5,28,1,0,0,0.77777778,0,
183,default,true,true,true,true,true,true,true,4,4,5,true,2,0,1,20,1,0,1,8,1,,1,0,
184,default,true,true,true,true,true,true,true,3,2,3,true,13,15,45,1,2,3,12,0,0,0.33333333,0.90909091,0,
185,default,true,true,true,true,true,true,true,1,2,3,true,10,11,32,39,3,4,17,7,0.875,0.85714286,1,1,
186,default,true,true,true,true,true,true,true,5,5,4,true,18,13,37,6,5,2,13,5,0.55555556,0.16666667,0.66666667,0.5,
187,default,true,true,true,true,true,true,true,2,2,3,true,22,12,15,1,13,8,11,0,0.55555556,0.42857143,0.66666667,0,
188,default,true,true,true,true,true,true,true,4,3,5,true,17,8,58,61,6,3,19,19,0.66666667,0.33333333,1,0,
189,default,true,true,true,true,true,true,true,6,2,3,true,4,1,10,5,0,0,2,1,0.5,0,1,0,
190,default,true,true,true,true,true,true,true,2,1,4,true,13,12,54,3,3,3,13,1,0,0,0.85714286,0.33333333,
191,default,true,true,true,true,true,true,true,1,0,3,true,18,19,65,29,8,9,29,13,0.75,0.85714286,0.85714286,0,
192,default,true,true,true,true,true,true,true,6,4,6,true,3,1,7,4,1,1,3,3,0.33333333,0,1,0,
193,default,true,true,true,true,true,true,true,2,5,3,true,18,13,3,39,7,7,1,16,1,1,0,0,
194,default,true,true,true,true,true,true,true,1,2,3,true,10,19,30,13,2,9,10,1,0,1,1,0,
195,default,true,true,true,true,true,true,true,1,4,2,true,1,1,12,8,0,0,2,3,0,0,0.83333333,0,
196,default,true,true,true,true,true,true,true,4,2,6,true,38,27,72,1,16,13,33,1,0.66666667,0.5,0.875,0,
197,default,true,true,true,true,true,true,true,2,5,1,true,16,11,14,57,5,4,4,20,0.375,0.16666667,0.44444444,0.27272727,
198,default,true,true,true,true,true,true,true,1,1,3,true,25,23,189,17,9,9,48,4,0,0,1,1,
199,default,true,true,true,true,true,true,true,5,2,5,true,7,4,9,39,1,1,1,10,0,0,0.42857143,0.625,
200,default,true,true,true,true,true,true,true,3,2,5,true,11,10,16,29,5,6,6,13,0.42857143,0.33333333,0.55555556,0,
201,default,true,true,true,true,true,true,true,5,1,6,true,7,4,9,12,2,2,3,3,0.6,0.5,0.6,0.83333333,
202,default,true,true,true,true,true,true,true,4,2,5,true,18,7,65,22,9,4,35,7,0.57142857,0,1,0,
203,default,true,true,true,true,true,true,true,5,4,4,true,6,2,12,16,5,1,5,5,1,0.5,0.8,1,
204,default,true,true,true,true,true,true,true,6,3,5,true,18,8,26,4,7,3,7,2,0.6,0,0.75,0.5,
205,default,true,true,true,true,true,true,true,1,2,4,true,3,5,7,104,1,2,2,40,0,0.6,0.8,0.77777778,
206,default,true,true,true,true,true,true,true,1,5,5,true,14,19,39,8,5,7,21,5,0.42857143,0.875,0.91666667,1,
207,default,true,true,true,true,true,true,true,3,6,4,true,0,1,2,36,0,0,1,12,,1,1,0,
208,default,true,true,true,true,true,true,true,1,2,3,true,13,12,27,44,3,3,7,13,0,0,0.45454545,0.83333333,
209,default,true,true,true,true,true,true,true,3,2,6,true,3,9,3,17,0,3,1,5,1,1,0.66666667,0,
210,default,true,true,true,true,true,true,true,1,0,4,true,4,9,66,17,1,2,13,6,0,0.8,1,0,
211,default,true,true,true,true,true,true,true,1,2,5,true,5,7,11,42,2,3,4,15,0,0.71428571,0.77777778,0.375,
212,default,true,true,true,true,true,true,true,5,4,5,true,4,2,12,7,2,2,4,4,0.5,0,0.8,0,
213,default,true,true,true,true,true,true,true,3,1,2,true,121,8,22,12,43,5,16,3,1,0,0.57142857,1,
214,default,true,true,true,true,true,true,true,1,5,6,true,2,3,12,5,1,1,3,0,0,0.33333333,0.75,0.33333333,
215,default,true,true,true,true,true,true,true,5,4,5,true,16,12,21,4,6,6,11,1,0.71428571,0.6,1,0.25,
216,default,true,true,true,true,true,true,true,4,4,4,true,16,3,16,21,3,1,6,7,0.7,0,1,0.25,
217,default,true,true,true,true,true,true,true,4,4,8,true,9,2,9,1,6,1,1,1,0.8,0,0.75,1,
218,default,true,true,true,true,true,true,true,4,2,7,true,47,11,30,33,12,6,9,21,0.85714286,0.71428571,1,0.11111111,
219,default,true,true,true,true,true,true,true,3,1,4,true,21,16,16,6,6,7,6,3,0.71428571,0.75,0.8,0,
220,default,true,true,true,true,true,true,true,2,1,2,true,12,9,29,40,5,5,14,12,0,0,0.8,0.85714286,
221,default,true,true,true,true,true,true,true,7,1,5,true,6,5,14,18,2,2,4,4,0.83333333,0.66666667,1,0,
222,default,true,true,true,true,true,true,true,3,2,8,true,5,11,12,12,1,5,5,5,0.66666667,1,1,0.6,
223,default,true,true,true,true,true,true,true,5,0,5,true,22,13,34,44,12,9,12,16,0.83333333,1,1,0.77777778,
224,default,true,true,true,true,true,true,true,2,3,5,true,102,31,163,9,30,18,65,4,0.8,0.33333333,1,0.2,
225,default,true,true,true,true,true,true,true,4,3,6,true,10,4,8,25,4,1,2,17,0.875,0.5,0.83333333,0.85714286,
226,default,true,true,true,true,true,true,true,2,0,4,true,11,3,8,20,3,1,3,5,0.57142857,0,0.5,0.16666667,
227,default,true,true,true,true,true,true,true,2,2,5,true,14,13,7,12,6,6,4,8,0.71428571,0.66666667,0.4,0.16666667,
228,default,true,true,true,true,true,true,true,3,4,6,true,19,12,15,9,6,5,6,2,0.375,0.5,0.5,0.4,
229,default,true,true,true,true,true,true,true,0,5,4,true,2,13,5,2,0,3,0,0,0.5,1,0.66666667,0,
230,default,true,true,true,true,true,true,true,4,6,4,true,21,4,31,6,4,2,13,1,1,0.5,1,1,
231,default,true,true,true,true,true,true,true,4,2,5,true,9,6,28,24,1,2,5,13,0.14285714,0.16666667,0.625,0,
232,default,true,true,true,true,true,true,true,3,2,6,true,9,5,24,12,2,1,10,4,0.57142857,0.2,0.83333333,0.66666667,
233,default,true,true,true,true,true,true,true,1,1,3,true,11,4,10,54,6,2,6,30,1,0.75,0.83333333,0,
234,default,true,true,true,true,true,true,true,2,2,3,true,5,9,28,13,4,5,14,5,0.33333333,0.6,0.85714286,0.83333333,
235,default,true,true,true,true,true,true,true,3,2,3,true,10,7,14,13,2,2,4,7,0.16666667,0.4,0.85714286,0.77777778,
236,default,true,true,true,true,true,true,true,1,2,3,true,15,3,7,37,2,2,2,17,0.83333333,0.33333333,0.8,0.5,
237,default,true,true,true,true,true,true,true,3,5,6,true,2,14,9,3,2,7,3,0,0.5,1,1,0,
238,default,true,true,true,true,true,true,true,5,4,7,true,53,16,51,27,21,9,25,9,1,0.8,1,1,
239,default,true,true,true,true,true,true,true,5,7,5,true,13,15,71,95,4,4,26,25,0.66666667,0.85714286,1,1,
240,default,true,true,true,true,true,true,true,2,0,3,true,1,7,52,10,0,2,15,4,0,1,1,0.33333333,
241,default,true,true,true,true,true,true,true,3,6,4,true,9,2,17,10,2,1,7,0,0.8,0.5,1,0.6,
242,default,true,true,true,true,true,true,true,5,5,4,true,4,0,5,35,2,0,1,18,1,,1,0,
243,default,true,true,true,true,true,true,true,3,1,6,true,28,15,70,26,6,6,22,5,0.875,0.66666667,1,0,
244,default,true,true,true,true,true,true,true,2,2,7,true,1,2,0,28,0,0,0,7,1,1,,0,
245,default,true,true,true,true,true,true,true,4,0,6,true,51,33,57,22,20,17,23,6,0.9,0.85714286,0.85714286,0.66666667,
246,default,true,true,true,true,true,true,true,5,3,8,true,1,8,6,24,0,2,1,7,0,1,1,0.83333333,
247,default,true,true,true,true,true,true,true,2,2,2,true,10,4,60,11,4,2,22,4,0.66666667,0.5,1,0,
248,default,true,true,true,true,true,true,true,2,3,6,true,19,8,14,23,4,2,4,6,0.6,0.33333333,0.66666667,0.14285714,
249,default,true,true,true,true,true,true,true,3,4,8,true,11,25,50,11,4,8,16,6,0.33333333,0.72727273,0.77777778,0,
250,default,true,true,true,true,true,true,true,4,1,4,true,27,32,41,93,9,15,12,48,0.625,0.375,0.55555556,0.5,
251,default,true,true,true,true,true,true,true,7,3,6,true,2,11,22,41,2,6,9,11,0,0.75,1,0.6,
252,default,true,true,true,true,true,true,true,4,1,4,true,11,14,36,11,5,7,17,3,0.42857143,0.71428571,1,0.5,
253,default,true,true,true,true,true,true,true,3,2,4,true,1,5,16,2,0,1,10,0,1,1,1,0.5,
254,default,true,true,true,true,true,true,true,1,1,6,true,21,6,28,5,7,1,15,3,1,1,1,1,
255,default,true,true,true,true,true,true,true,2,2,6,true,3,5,10,10,1,1,1,2,1,0.66666667,1,0.83333333,
256,default,true,true,true,true,true,true,true,4,2,6,true,13,8,19,53,4,5,8,18,0.33333333,0.33333333,0.75,0.75,
257,default,true,true,true,true,true,true,true,0,1,3,true,16,15,31,7,4,5,6,3,0,0.16666667,1,0.66666667,
258,default,true,true,true,true,true,true,true,2,5,7,true,13,1,18,10,7,0,9,2,0.83333333,0,1,0,
259,default,true,true,true,true,true,true,true,4,3,5,true,63,59,129,7,21,21,38,1,0.88888889,0.875,1,0.2,
260,default,true,true,true,true,true,true,true,3,1,6,true,9,4,34,10,3,2,17,4,1,1,1,0.2,
261,default,true,true,true,true,true,true,true,4,2,7,true,3,4,11,58,1,1,4,26,0,0.25,0.8,0.8,
262,default,true,true,true,true,true,true,true,4,2,2,true,12,11,37,67,3,5,12,19,0.42857143,0.57142857,1,0.33333333,
263,default,true,true,true,true,true,true,true,1,1,4,true,23,20,80,7,13,13,51,3,0,0,0.66666667,0.71428571,
264,default,true,true,true,true,true,true,true,1,2,3,true,0,1,14,120,0,0,2,57,,1,1,0.77777778,
265,default,true,true,true,true,true,true,true,4,3,5,true,10,26,18,19,5,11,7,8,0.25,0.88888889,0.57142857,0.5,
266,default,true,true,true,true,true,true,true,4,3,4,true,10,19,38,13,5,8,16,5,0,0.57142857,1,0.5,
267,default,true,true,true,true,true,true,true,2,1,3,true,5,8,24,19,2,4,11,6,0,0.5,1,1,
268,default,true,true,true,true,true,true,true,4,2,5,true,10,5,25,20,3,3,16,6,0.83333333,0.66666667,0.83333333,0,
269,default,true,true,true,true,true,true,true,2,2,2,true,21,36,33,55,6,17,9,19,0.25,0.83333333,0.71428571,0,
270,default,true,true,true,true,true,true,true,4,2,4,true,10,2,7,7,0,0,1,2,0.5,0,0.6,0.8,
271,default,true,true,true,true,true,true,true,2,0,3,true,24,15,31,16,12,9,17,11,0.33333333,0,0.625,0.6,
272,default,true,true,true,true,true,true,true,2,3,5,true,0,1,17,21,0,0,4,5,,1,1,0.75,
273,default,true,true,true,true,true,true,true,2,5,7,true,4,2,2,75,1,1,0,31,1,1,1,0,
274,default,true,true,true,true,true,true,true,1,2,2,true,23,20,35,19,8,8,17,5,0.3,0.33333333,1,0.25,
275,default,true,true,true,true,true,true,true,5,2,4,true,7,9,11,22,3,7,8,6,0.6,1,1,0.83333333,
276,default,true,true,true,true,true,true,true,5,3,6,true,1,2,9,31,0,0,0,10,1,1,1,0.5,
277,default,true,true,true,true,true,true,true,7,5,5,true,13,4,4,8,5,2,1,2,1,1,1,0.66666667,
278,default,true,true,false,true,true,true,true,1,2,1,true,35,44,53,50,11,16,16,21,0,0.375,0.44444444,1,
279,default,true,true,true,true,true,true,true,2,2,8,true,7,6,5,4,3,3,5,1,0.8,0.75,1,0,
280,default,true,true,true,true,true,true,true,1,1,2,true,46,45,159,16,18,18,57,3,0,0,0.75,1,
281,default,true,true,true,true,true,true,true,3,2,4,true,12,17,15,6,6,6,7,0,0,0.5,0.42857143,0,
282,default,true,true,true,true,true,true,true,1,1,4,true,7,4,18,12,2,1,7,6,0.4,0,0.75,0,
283,default,true,true,true,true,true,true,true,3,4,5,true,85,10,81,26,39,4,48,8,1,0.16666667,1,1,
284,default,true,true,true,true,true,true,true,4,2,7,true,40,34,94,19,23,23,49,7,0.66666667,0.6,0.9,0,
285,default,true,true,true,true,true,true,true,2,2,4,true,58,24,32,22,17,6,10,8,0.375,0,0.3,0,
286,default,true,true,true,true,true,true,true,1,2,2,true,33,26,72,141,8,11,23,55,0,0.18181818,0.71428571,1,
287,default,true,true,true,true,true,true,true,1,1,3,true,6,2,16,12,4,2,9,2,0.5,0,0.875,0.5,
288,default,true,true,true,true,true,true,true,2,3,4,true,4,11,34,5,0,1,12,2,0.75,1,1,0,
289,default,true,true,true,true,true,true,true,4,0,5,true,11,18,39,5,2,6,8,1,0.83333333,0.75,0.8,0,
290,default,true,true,true,true,true,true,true,4,2,2,true,14,11,34,64,3,3,14,15,1,1,1,1,
291,default,true,true,true,true,true,true,true,4,3,4,true,21,19,20,17,5,5,7,7,1,1,0.66666667,0.33333333,
292,default,true,true,true,true,true,true,true,1,3,2,true,4,8,26,9,1,4,12,2,0,1,1,0,
293,default,true,true,true,true,true,true,true,5,5,7,true,6,16,30,41,5,8,14,13,0.25,0.85714286,1,0.2,
294,default,true,true,true,true,true,true,true,4,4,4,true,15,11,26,5,4,4,11,4,0.28571429,0.28571429,0.5,0.4,
295,default,true,true,true,true,true,true,true,2,4,4,true,5,3,14,13,1,1,5,5,0,0,1,0.75,
296,default,true,true,true,true,true,true,true,1,2,3,true,7,5,19,124,2,3,6,52,0,0.33333333,1,0.55555556,
297,default,true,true,true,true,true,true,true,2,2,2,true,48,16,36,11,13,10,22,3,0.7,0.125,0.5,0.5,
298,default,true,true,true,true,true,true,true,4,5,7,true,16,21,9,34,5,9,2,13,0.6,0.875,0.6,0,
299,default,true,true,true,true,true,true,true,0,1,2,true,2,5,15,53,0,1,4,14,0,1,1,1,
300,default,true,true,true,true,true,true,true,3,1,8,true,3,4,23,7,2,2,9,2,0.66666667,0.75,1,1,
301,default,true,true,true,true,true,true,true,3,2,4,true,6,4,20,25,2,2,6,8,0,0,0.5,0.22222222,
302,default,true,true,true,true,true,true,true,3,2,5,true,8,12,9,5,0,4,5,1,0.83333333,1,0.85714286,0.8,
303,default,true,true,true,true,true,true,true,1,0,2,true,36,12,110,68,9,6,39,17,0.7,0,1,0.71428571,
304,default,true,true,true,true,true,true,true,6,3,5,true,2,4,14,55,0,2,8,38,1,1,1,0.75,
305,default,true,true,true,true,true,true,true,4,5,7,true,9,11,4,45,4,3,1,13,1,1,1,0,
306,default,true,true,true,true,true,true,true,2,4,4,true,16,9,17,14,7,4,8,6,0.6,0.2,0.66666667,0.6,
307,default,true,true,true,true,true,true,true,3,3,5,true,5,5,26,53,3,3,6,29,0,0.4,0.8,0.85714286,
308,default,true,true,true,true,true,true,true,2,4,3,true,18,6,19,4,6,2,7,3,0.57142857,0.16666667,0.83333333,1,
309,default,true,true,true,true,true,true,true,4,1,4,true,14,3,37,11,2,1,17,11,1,0.33333333,1,0,
310,default,true,true,true,true,true,true,true,1,2,3,true,12,8,33,36,3,3,9,12,0,0,0.91666667,0.88888889,
311,default,true,true,true,true,true,true,true,4,4,8,true,5,10,6,2,2,3,1,1,0.66666667,1,0.75,0,
312,default,true,true,true,true,true,true,true,2,5,3,true,7,10,9,25,1,5,3,9,0.33333333,0.5,0.5,0.88888889,
313,default,true,true,true,true,true,true,true,1,1,2,true,32,18,34,76,6,6,13,18,0,0,0.33333333,1,
314,default,true,true,true,true,true,true,true,1,2,4,true,3,4,12,35,0,0,1,15,0,0.5,0.83333333,1,
315,default,true,true,true,true,true,true,true,1,0,2,true,29,27,57,4,9,9,22,2,0.375,0.5,0.81818182,1,
316,default,true,true,true,true,true,true,true,0,2,2,true,11,14,20,14,6,8,10,3,0,0.25,0.57142857,0,
317,default,true,true,true,true,true,true,true,4,3,2,true,7,2,10,51,0,0,1,16,0.6,0,0.8,0,
318,default,true,true,true,true,true,true,true,2,3,6,true,6,6,12,1,2,3,6,0,1,0.83333333,1,0,
319,default,true,true,true,true,true,true,true,3,6,5,true,2,1,1,3,0,0,1,2,1,1,1,0,
320,default,true,true,true,true,true,true,true,3,1,5,true,6,13,11,2,3,5,7,1,0.5,0.83333333,0.66666667,0,
321,default,true,true,true,true,true,true,true,7,5,7,true,3,1,14,9,0,0,3,5,0.66666667,0,1,0.25,
322,default,true,true,true,true,true,true,true,4,2,3,true,8,6,11,32,4,4,7,13,0.16666667,0,0.57142857,0.57142857,
323,default,true,true,true,true,true,true,true,3,4,7,true,1,1,11,9,0,0,8,1,1,1,1,0,
324,default,true,true,true,true,true,true,true,1,0,2,true,40,28,81,173,10,10,27,57,0,0,0.77777778,0.75,
325,default,true,true,true,true,true,true,true,1,2,3,true,54,14,24,5,18,8,16,2,1,0.14285714,0.66666667,0,
326,default,true,true,true,true,true,true,true,1,1,3,true,15,1,33,27,3,1,8,14,1,0,1,0.66666667,
327,default,true,true,true,true,true,true,true,2,1,2,true,17,13,36,17,3,3,9,13,0,0,0.44444444,0.6,
328,default,true,true,true,true,true,true,true,2,3,5,true,0,1,11,4,0,0,3,2,,1,1,0,
329,default,true,true,true,true,true,true,true,2,2,5,true,28,25,50,4,12,12,23,3,0,0,0.66666667,0,
330,default,true,true,true,true,true,true,true,4,1,3,true,3,7,18,62,1,3,8,12,0.33333333,1,1,0.85714286,
331,default,true,true,true,true,true,true,true,3,2,4,true,30,9,3,56,12,4,0,20,1,0.75,0,0.44444444,
332,default,true,true,true,true,true,true,true,2,0,4,true,0,1,5,67,0,1,1,23,,1,1,0,
333,default,true,true,true,true,true,true,true,3,4,5,true,17,12,28,9,5,5,10,8,0.71428571,0.66666667,1,0.75,
334,default,true,true,true,true,true,true,true,1,1,5,true,4,3,6,2,1,1,1,1,0.75,1,1,0,
335,default,true,true,true,true,true,true,true,4,4,6,true,3,1,13,28,1,1,3,9,0,0,1,0,
336,default,true,true,true,true,true,true,true,3,1,3,true,2,7,6,12,0,1,2,4,0.5,1,1,0.16666667,
337,default,true,true,true,true,true,true,true,1,5,4,true,2,6,12,14,1,1,6,3,0.5,0.75,0.8,0.875,
338,default,true,true,true,true,true,true,true,3,4,7,true,1,2,7,6,0,1,2,1,0,1,1,0,
339,default,true,true,true,true,true,true,true,4,4,4,true,10,4,47,96,3,2,17,27,0.66666667,0.5,1,0.8,
340,default,true,true,true,true,true,true,true,2,1,4,true,18,6,17,96,5,3,6,41,1,1,1,1,
341,default,true,true,true,true,true,true,true,1,2,2,true,7,3,7,23,1,0,0,10,1,0.33333333,0.71428571,1,
342,default,true,true,true,true,true,true,true,3,2,3,true,29,25,12,4,8,8,6,1,0.83333333,0.66666667,0.57142857,0.75,
343,default,true,true,true,true,true,true,true,1,1,2,true,14,11,26,14,2,2,4,5,0.375,0.42857143,0.75,1,
344,default,true,true,true,true,true,true,true,2,1,5,true,2,1,7,26,1,1,5,12,0,0,1,0,
345,default,true,true,true,true,true,true,true,3,4,7,true,9,5,17,6,1,0,3,3,0.4,0,1,0.33333333,
346,default,true,true,true,true,true,true,true,6,3,6,true,2,1,2,9,1,0,0,1,0.5,0,0.5,0,
347,default,true,true,true,true,true,true,true,1,5,5,true,6,15,49,51,3,7,17,15,0.5,0.6,0.9,0.18181818,
348,default,true,true,true,true,true,true,true,3,2,5,true,11,3,37,14,5,2,16,1,0.55555556,0,1,0.8,
349,default,true,true,true,true,true,true,true,2,2,3,true,33,26,48,68,7,7,8,14,0.1,0.125,0.71428571,0,
350,default,true,true,true,true,true,true,true,3,1,7,true,19,6,42,8,3,1,18,4,0.7,0.16666667,0.91666667,0.25,
351,default,true,true,true,true,true,true,true,2,4,2,true,1,3,7,4,0,1,3,1,0,0.66666667,0.8,0.75,
352,default,true,true,true,true,true,true,true,4,3,5,true,7,6,23,18,2,2,7,5,0,0,0.625,0.66666667,
353,default,true,true,true,true,true,true,true,2,5,6,true,0,1,0,20,0,1,0,5,,1,,0.44444444,
354,default,true,true,true,true,true,true,true,6,4,8,true,3,7,4,20,2,6,4,7,0.33333333,0.8,0.5,0.71428571,
355,default,true,true,true,true,true,true,true,2,1,4,true,13,6,6,16,3,1,1,3,0.75,0.25,0.25,0.2,
356,default,true,true,true,true,true,true,true,3,3,4,true,4,4,29,6,0,2,5,4,0,1,1,0,
357,default,true,true,true,true,true,true,true,5,4,5,true,4,8,18,23,1,3,11,9,0,0.66666667,0.88888889,0.85714286,
358,default,true,true,true,true,true,true,true,5,4,9,true,20,13,72,18,6,5,28,8,0.53846154,0.25,0.83333333,1,
359,default,true,true,true,true,true,true,true,3,4,6,true,7,10,20,19,4,7,10,3,0,0.33333333,0.75,0.27272727,
360,default,true,true,true,true,true,true,true,1,1,3,true,3,11,64,90,1,4,32,39,0.33333333,1,1,1,
361,default,true,true,true,true,true,true,true,3,6,6,true,30,3,23,11,8,1,7,3,1,0.33333333,1,0,
362,default,true,true,true,true,true,true,true,4,7,8,true,11,6,29,16,2,3,11,2,0.25,0.33333333,1,0.8,
363,default,true,true,true,true,true,true,true,6,2,8,true,3,4,5,14,0,1,0,3,0,0.5,0.66666667,0,
364,default,true,true,true,true,true,true,true,3,6,4,true,2,0,2,31,1,0,0,6,1,,1,0.71428571,
365,default,true,true,true,true,true,true,true,3,0,3,true,14,8,25,9,3,2,12,5,0.28571429,0,0.8,0,
366,default,true,true,true,true,true,true,true,3,1,3,true,10,8,23,11,3,3,9,2,1,1,1,0,
367,default,true,true,true,true,true,true,true,2,0,3,true,5,10,15,25,3,5,6,13,0.2,0.66666667,0.83333333,0.375,
368,default,true,true,true,true,true,true,true,4,2,5,true,16,10,19,54,1,3,7,17,0.66666667,0.66666667,0.875,0,
369,default,true,true,true,true,true,true,true,4,3,7,true,7,4,30,14,1,1,12,4,0.6,0.5,1,0,
370,default,true,true,true,true,true,true,true,4,1,5,true,103,98,219,10,46,46,99,10,0.375,0.42857143,1,0,
371,default,true,true,true,true,true,true,true,3,5,8,true,22,11,11,7,8,0,2,5,0.88888889,0.83333333,1,0.4,
372,default,true,true,true,true,true,true,true,1,2,3,true,36,43,82,7,16,23,37,1,0,0.46153846,0.54545455,0.33333333,
373,default,true,true,true,true,true,true,true,3,3,1,true,13,10,41,25,5,6,28,8,0,0.125,0.57142857,0,
374,default,true,true,true,true,true,true,true,3,1,4,true,3,3,9,21,0,0,2,7,0,0,0.8,0.375,
375,default,true,true,true,true,true,true,true,3,2,6,true,11,4,31,22,5,1,10,7,1,0.5,1,0.375,
376,default,true,true,true,true,true,true,true,3,2,5,true,19,16,19,38,7,8,8,21,0.6,0.75,0.66666667,0,
377,default,true,true,true,true,true,true,true,3,2,7,true,1,1,1,27,0,0,0,9,1,1,1,0.875,
378,default,true,true,true,true,true,true,true,2,3,4,true,42,28,42,6,14,14,13,2,0.625,0.42857143,0.6,0.25,
379,default,true,true,true,true,true,true,true,1,2,7,true,5,11,60,12,1,3,20,3,0,0.71428571,0.8,0.33333333,
380,default,true,true,true,true,true,true,true,2,1,3,true,22,41,37,18,9,20,13,6,0.25,0.85714286,0.5,0.33333333,
381,default,true,true,true,true,true,true,true,4,7,7,true,33,49,74,25,16,32,36,7,0.75,1,1,0,
382,default,true,true,true,true,true,true,true,1,1,2,true,4,3,51,48,2,2,23,38,0,0,1,0.75,
383,default,true,true,true,true,true,true,true,2,3,4,true,2,6,12,22,2,6,6,10,0.5,1,0.8,0,
384,default,true,true,true,true,true,true,true,5,5,4,true,12,6,29,43,5,1,6,16,1,1,1,0.88888889,
385,default,true,true,true,true,true,true,true,5,2,4,true,3,0,11,60,0,0,7,16,1,,1,1,
386,default,true,true,true,true,true,true,true,2,1,2,true,6,10,42,21,1,3,6,12,0,1,1,0.7,
387,default,true,true,true,true,true,true,true,3,3,4,true,18,6,24,5,5,2,8,1,0.85714286,0,1,0,
388,default,true,true,true,true,true,true,true,1,1,2,true,44,35,176,87,16,16,74,15,0,0,0.85714286,0.63636364,
389,default,true,true,true,true,true,true,true,2,6,8,true,3,0,36,51,1,0,13,18,0.33333333,,1,0,
390,default,true,true,true,true,true,true,true,0,2,2,true,0,5,14,4,0,3,4,2,,1,1,0,
391,default,true,true,true,true,true,true,true,2,1,4,true,12,9,17,6,2,2,5,2,0,0.8,0.8,0,
392,default,true,true,true,true,true,true,true,3,1,3,true,2,4,7,10,1,2,3,5,0.5,0.75,0.8,0,
393,default,true,true,true,true,true,true,true,4,0,5,true,7,0,19,15,3,0,5,5,0.8,,1,0.16666667,
394,default,true,true,true,true,true,true,true,4,2,4,true,6,3,9,16,3,3,4,3,1,1,1,0,
395,default,true,true,true,true,true,true,true,3,3,9,true,1,1,9,19,0,0,4,9,0,0,0.75,0.375,
396,default,true,true,true,true,true,true,true,6,4,5,true,6,4,7,1,1,0,3,0,1,1,0.5,1,
397,default,true,true,true,true,true,true,true,3,1,2,true,12,16,34,1,2,6,10,0,0.25,0.6,0.875,1,
398,default,true,true,true,true,true,true,true,5,3,4,true,37,24,55,7,8,9,18,0,0.77777778,0.75,0.83333333,0,
399,default,true,true,true,true,true,true,true,3,2,5,true,39,14,92,47,6,1,12,15,1,0,1,0,
400,default,true,true,true,true,true,true,true,5,0,5,true,7,3,8,3,2,1,4,1,0.66666667,0,0.75,0.66666667,
401,default,true,true,true,true,true,true,true,5,2,5,true,15,8,23,15,6,4,12,2,0.42857143,0,0.55555556,0,
402,default,true,true,true,true,true,true,true,3,3,3,true,26,8,13,12,8,5,5,3,1,0.5,0.71428571,1,
403,default,true,true,true,true,true,true,true,2,2,5,true,3,2,11,26,1,1,3,9,0.33333333,0,1,0,
404,default,true,true,true,true,true,true,true,1,3,3,true,43,24,65,15,9,9,27,2,0.63636364,0.7,0.90909091,0,
405,default,true,true,true,true,true,true,true,2,2,4,true,11,10,6,4,1,3,1,4,0.85714286,1,0.83333333,0.25,
406,default,true,true,true,true,true,true,true,3,3,3,true,23,19,19,6,3,4,6,1,0.2,0.375,0.45454545,1,
407,default,true,true,true,true,true,true,true,4,2,6,true,28,24,51,6,22,21,23,1,0.83333333,0.75,0.9,0,
408,default,true,true,true,true,true,true,true,3,2,5,true,22,7,30,4,5,1,7,2,1,0,0.9,0.75,
409,default,true,true,true,true,true,true,true,4,4,5,true,21,27,39,41,8,14,15,10,0.25,0.5,0.81818182,0.5,
410,default,true,true,true,true,true,true,true,2,2,3,true,17,7,36,13,5,3,10,6,0.55555556,0,0.66666667,0,
411,default,true,true,true,true,true,true,true,3,2,6,true,16,6,14,22,3,1,5,11,0.83333333,0.75,1,0.83333333,
412,default,true,true,true,true,true,true,true,1,1,1,true,27,47,43,66,11,27,22,25,0,0.63636364,0.8,0.8,
413,default,true,true,true,true,true,true,true,2,2,4,true,6,6,9,6,2,2,1,2,0.5,0.5,0.6,0,
414,default,true,true,true,true,true,true,true,6,2,5,true,9,8,23,4,3,3,6,1,0.25,0.5,0.71428571,0,
415,default,true,true,true,true,true,true,true,2,5,6,true,3,3,19,12,1,1,5,3,0,0,1,0.8,
416,default,true,true,true,true,true,true,true,3,5,5,true,11,17,31,28,4,9,15,10,0.16666667,0.5,0.66666667,0,
417,default,true,true,true,true,true,true,true,3,3,3,true,9,28,31,1,4,10,7,0,0.5,1,0.875,0,
418,default,true,true,true,true,true,true,true,5,3,5,true,0,3,8,16,0,2,4,4,,1,1,1,
419,default,true,true,true,true,true,true,true,3,1,4,true,15,12,29,21,4,4,7,8,0.75,0.33333333,1,0.71428571,
420,default,true,true,true,true,true,true,true,0,1,1,true,20,6,18,11,2,1,4,4,0.42857143,0,0.77777778,0,
421,default,true,true,true,true,true,true,true,5,2,3,true,26,20,38,3,9,8,17,1,0.16666667,0,0.55555556,0,
422,default,true,true,true,true,true,true,true,2,2,3,true,29,18,34,92,14,8,11,33,0.875,0.5,0.85714286,1,
423,default,true,true,true,true,true,true,true,4,1,2,true,15,18,20,8,9,11,12,6,0.8,1,1,0,
424,default,true,true,true,true,true,true,true,6,4,4,true,1,0,0,18,0,0,0,6,1,,,1,
425,default,true,true,true,true,true,true,true,2,4,4,true,6,0,14,41,1,0,3,23,0.66666667,,0.8,0.875,
426,default,true,true,true,true,true,true,true,3,3,5,true,10,10,5,8,4,4,3,3,0.83333333,0.83333333,1,0,
427,default,true,true,true,true,true,true,true,3,3,6,true,15,16,26,30,9,11,12,7,0.4,0.4,0.71428571,0,
428,default,true,true,true,true,true,true,true,2,2,4,true,36,22,67,5,7,7,21,1,0.55555556,0.5,1,0,
429,default,true,true,true,true,true,true,true,4,4,8,true,8,5,14,1,5,3,6,0,0.5,0.6,0.875,0,
430,default,true,true,true,true,true,true,true,5,3,5,true,11,6,16,15,1,0,4,5,0.28571429,0,0.7,0.625,
431,default,true,true,true,true,true,true,true,1,3,3,true,20,10,7,62,8,5,4,21,1,0.83333333,0.6,1,
432,default,true,true,true,true,true,true,true,1,2,4,true,9,8,24,10,4,4,12,5,0,0,0.6,0.83333333,
433,default,true,true,true,true,true,true,true,4,2,3,true,7,8,21,81,1,3,8,34,0.6,1,1,0.83333333,
434,default,true,true,true,true,true,true,true,5,7,7,true,2,9,19,44,0,1,3,21,0,1,1,0.75,
435,default,true,true,true,true,true,true,true,3,4,5,true,23,11,9,6,3,3,6,1,0.85714286,0.8,0.75,0.25,
436,default,true,true,true,true,true,true,true,2,4,4,true,4,5,11,16,1,1,2,7,0.5,0.6,0.77777778,0,
437,default,true,true,true,true,true,true,true,8,5,6,true,27,4,25,51,7,2,7,22,0.83333333,1,1,1,
438,default,true,true,true,true,true,true,true,1,2,4,true,14,13,63,20,8,8,19,10,0.5,0.57142857,0.875,1,
439,default,true,true,true,true,true,true,true,2,2,6,true,14,17,31,34,3,8,11,15,0,0.33333333,0.875,0,
440,default,true,true,true,true,true,true,true,4,2,6,true,6,11,19,90,0,4,6,26,0.25,0.85714286,1,0.55555556,
441,default,true,true,true,true,true,true,true,2,5,3,true,0,14,10,13,0,7,3,7,,1,0.8,1,
442,default,true,true,true,true,true,true,true,4,3,7,true,12,8,28,11,4,1,5,5,0.33333333,0,0.85714286,1,
443,default,true,true,true,true,true,true,true,2,1,3,true,61,100,177,6,20,38,57,2,0,0.625,0.83333333,1,
444,default,true,true,true,true,true,true,true,3,2,5,true,12,7,15,12,2,3,4,9,0.66666667,0.5,0.83333333,0,
445,default,true,true,true,true,true,true,true,3,1,1,true,4,3,6,64,1,1,1,13,0.25,0.33333333,0.75,0.44444444,
446,default,true,true,true,true,true,true,true,4,1,5,true,80,56,114,12,30,27,45,7,0.25,0,0.66666667,0.4,
447,default,true,true,true,true,true,true,true,3,0,1,true,11,34,62,90,2,11,20,26,0.28571429,1,1,0.85714286,
448,default,true,true,true,true,true,true,true,2,1,4,true,9,11,21,9,4,7,9,3,0,0.42857143,0.58333333,0,
449,default,true,true,true,true,true,true,true,1,4,5,true,28,11,40,30,12,1,11,10,1,0,1,0.85714286,
450,default,true,true,true,true,true,true,true,5,6,7,true,38,16,36,30,12,10,23,11,1,1,1,0.66666667,
451,default,true,true,true,true,true,true,true,5,0,4,true,9,8,15,13,5,4,8,3,0.42857143,0.33333333,0.85714286,0.44444444,
452,default,true,true,true,true,true,true,true,3,2,4,true,4,2,10,37,2,0,2,13,0.75,0.5,0.83333333,0,
453,default,true,true,true,true,true,true,true,3,3,8,true,13,7,15,14,2,0,4,5,0.85714286,0.66666667,0.83333333,0.75,
454,default,true,true,true,true,true,true,true,2,2,5,true,8,41,74,13,2,19,35,3,0,0.83333333,0.85714286,0,
455,default,true,true,true,true,true,true,true,3,3,4,true,2,15,17,204,1,7,7,60,0.5,1,1,0.8,
456,default,true,true,true,true,true,true,true,1,0,5,true,52,9,97,5,22,4,49,0,1,0,1,0,
457,default,true,true,true,true,true,true,true,2,1,2,true,14,6,62,45,2,1,17,26,0.75,0,1,0.22222222,
458,default,true,true,true,true,true,true,true,1,3,5,true,20,12,6,27,3,2,1,16,0.85714286,0.83333333,0.75,0,
459,default,true,true,true,true,true,true,true,4,5,6,true,5,5,31,32,1,1,7,13,1,1,1,1,
460,default,true,true,true,true,true,true,true,2,3,3,true,4,9,5,8,0,2,1,4,1,1,1,0,
461,default,true,true,true,true,true,true,true,2,6,6,true,4,7,10,19,0,2,3,2,1,1,1,0.75,
462,default,true,true,true,true,true,true,true,2,3,6,true,25,32,27,30,10,14,12,10,0.71428571,0.85714286,0.85714286,0,
463,default,true,true,true,true,true,true,true,3,2,6,true,21,16,50,18,6,6,17,9,0.71428571,0.71428571,1,0.44444444,
464,default,true,true,true,true,true,true,true,3,1,6,true,11,9,8,2,4,2,3,0,0.33333333,0.57142857,0.33333333,0,
465,default,true,true,true,true,true,true,true,3,3,3,true,13,24,15,12,2,7,6,4,1,1,1,1,
466,default,true,true,true,true,true,true,true,4,2,5,true,16,4,8,29,9,2,3,8,0.85714286,0.25,0.5,0.88888889,
467,default,true,true,true,true,true,true,true,3,2,5,true,27,16,51,7,15,11,30,2,0.375,0.14285714,0.875,0,
468,default,true,true,true,true,true,true,true,3,1,5,true,14,9,44,15,4,2,11,7,0.5,0.28571429,0.85714286,0,
469,default,true,true,true,true,true,true,true,4,6,3,true,1,1,5,6,1,1,3,3,0,0,0.66666667,0,
470,default,true,true,true,true,true,true,true,4,2,6,true,23,19,51,33,7,7,21,12,1,1,1,1,
471,default,true,true,true,true,true,true,true,3,2,2,true,6,7,29,9,2,2,10,5,0,0.2,0.83333333,0,
472,default,true,true,true,true,true,true,true,0,0,3,true,28,28,38,24,12,12,12,8,0.5,0.5,0.66666667,0.090909091,
473,default,true,true,true,true,true,true,true,7,4,7,true,8,5,12,13,0,0,3,5,0.66666667,0.4,0.8,0.16666667,
474,default,true,true,true,true,true,true,true,3,1,4,true,10,9,42,34,4,4,17,10,0.33333333,0.28571429,0.28571429,0.33333333,
475,default,true,true,true,true,true,true,true,3,2,6,true,11,6,30,21,2,2,12,8,0.5,0,1,0.71428571,
476,default,true,true,true,true,true,true,true,6,1,8,true,1,1,18,8,1,0,3,3,1,1,1,0.16666667,
477,default,true,true,true,true,true,true,true,3,3,8,true,15,15,43,6,5,6,20,1,0.375,0.66666667,0.9,0,
478,default,true,true,true,true,true,true,true,1,2,3,true,12,9,27,125,1,1,5,40,0,0,1,0,
479,default,true,true,true,true,true,true,true,3,2,4,true,2,4,2,22,0,2,0,7,0,0.75,0.5,1,
480,default,true,true,true,true,true,true,true,2,4,3,true,2,6,14,21,1,4,6,8,0.5,0.75,1,0.7,
481,default,true,true,true,true,true,true,true,2,2,5,true,7,2,20,12,3,1,13,4,0.8,0.5,1,0.5,
482,default,true,true,true,true,true,true,true,4,4,8,true,30,17,15,5,8,4,6,4,1,1,1,0,
483,default,true,true,true,true,true,true,true,2,2,4,true,52,44,167,7,11,11,44,1,0,0,0.875,1,
484,default,true,true,true,true,true,true,true,2,2,6,true,14,14,35,8,2,2,9,4,0.71428571,0.71428571,1,0,
485,default,true,true,true,true,true,true,true,0,0,4,true,45,44,89,4,22,22,36,2,0.33333333,0.4,0.875,0,
486,default,true,true,true,true,true,true,true,0,1,4,true,23,23,29,48,7,7,7,15,0.6,0.6,0.625,0,
487,default,true,true,true,true,true,true,true,3,5,6,true,24,15,127,38,6,4,39,13,0.75,0.71428571,1,0.25,
488,default,true,true,true,true,true,true,true,2,3,3,true,7,4,18,30,1,1,5,26,0.6,0.25,0.85714286,1,
489,default,true,true,true,true,true,true,true,3,3,5,true,22,17,27,5,14,14,20,1,0.66666667,0.5,0.66666667,0,
490,default,true,true,true,true,true,true,true,3,4,4,true,5,14,12,22,3,7,3,5,0.4,0.9,0.71428571,0.22222222,
491,default,true,true,true,true,true,true,true,4,5,5,true,3,1,14,7,0,0,10,1,1,1,1,0.8,
492,default,true,true,true,true,true,true,true,2,2,6,true,15,8,47,35,4,4,18,9,0.66666667,0.33333333,1,1,
493,default,true,true,true,true,true,true,true,5,2,4,true,4,6,25,12,1,2,6,2,1,0.75,1,0.625,
494,default,true,true,true,true,true,true,true,2,3,4,true,3,2,21,18,0,0,5,6,0,0.5,1,0,
495,default,true,true,true,true,true,true,true,5,2,7,true,22,21,41,3,16,16,32,1,0.25,0.28571429,0.7,0.33333333,
496,default,true,true,true,true,true,true,true,6,5,7,true,12,1,14,61,3,1,8,23,0.8,0,0.85714286,0.85714286,
497,default,true,true,true,true,true,true,true,5,3,4,true,5,12,71,5,2,5,18,1,0.2,0.8,0.85714286,0.6,
498,default,true,true,true,true,true,true,true,8,6,7,true,33,15,25,24,9,4,5,6,0.85714286,1,1,0.66666667,
499,default,true,true,true,true,true,true,true,5,3,4,true,5,7,43,1,1,1,8,0,0.6,0.6,1,1,
500,default,true,true,true,true,true,true,true,4,2,5,true,50,39,71,5,17,17,26,1,0.3,0.22222222,0.66666667,0,
501,default,true,true,true,true,true,true,true,5,3,7,true,12,6,18,20,2,1,9,2,0.875,0.75,0.85714286,0.28571429,
502,default,true,true,true,true,true,true,true,2,1,3,true,10,7,49,17,1,1,18,9,0.6,0.8,1,0.33333333,
503,default,true,true,true,true,true,true,true,6,4,6,true,12,6,31,23,8,5,22,8,1,0.5,1,0.75,
504,default,true,true,true,true,true,true,true,2,2,5,true,9,10,68,34,8,8,31,9,0,0.2,1,0,
505,default,true,true,true,true,true,true,true,3,2,6,true,31,6,54,26,8,2,16,14,1,0,1,0.875,
506,default,true,true,true,true,true,true,true,4,6,5,true,1,1,2,12,0,0,1,1,1,1,1,0.33333333,
507,default,true,true,true,true,true,true,true,2,1,3,true,71,29,112,31,27,12,60,8,0.5,0,0.875,0,
508,default,true,true,true,true,true,true,true,7,2,5,true,1,2,9,5,1,1,6,2,0,0.5,1,1,
509,default,true,true,true,true,true,true,true,5,1,5,true,9,3,15,5,2,2,9,2,0.42857143,0,0.85714286,0,
510,default,true,true,true,true,true,true,true,1,0,2,true,7,6,6,4,4,4,1,3,0.6,0.75,0.75,0.25,
511,default,true,true,true,true,true,true,true,4,1,3,true,38,33,53,17,11,11,17,8,0.58333333,0.55555556,0.71428571,0.8,
512,default,true,true,true,true,true,true,true,3,1,5,true,20,48,79,17,7,24,32,4,0,1,0.83333333,0.375,
513,default,true,true,true,true,true,true,true,8,6,5,true,8,9,17,111,1,4,7,52,0.5,1,1,0.88888889,
514,default,true,true,true,true,true,true,true,5,3,5,true,15,6,50,7,4,1,13,3,0.875,0.25,1,0,
515,default,true,true,true,true,true,true,true,1,2,4,true,8,32,19,7,2,7,5,2,1,0.66666667,1,0.8,
516,default,true,true,true,true,true,true,true,0,1,2,true,27,26,47,7,8,8,15,2,0,0,0.75,0.28571429,
517,default,true,true,true,true,true,true,true,3,4,4,true,2,3,11,10,2,2,7,2,1,1,1,0,
518,default,true,true,true,true,true,true,true,2,3,5,true,45,15,103,18,12,3,30,10,0.75,0,0.85714286,0.42857143,
519,default,true,true,true,true,true,true,true,3,2,7,true,12,4,30,61,3,4,9,13,0.66666667,0.5,1,0.55555556,
520,default,true,true,true,true,true,true,true,1,2,2,true,11,9,29,67,3,3,11,22,0.14285714,0.14285714,0.625,0,
521,default,true,true,true,true,true,true,true,6,5,9,true,1,2,3,35,1,1,2,11,1,1,1,0.75,
522,default,true,true,true,true,true,true,true,2,1,3,true,9,1,3,75,1,0,1,21,1,0,0.66666667,0,
523,default,true,true,true,true,true,true,true,5,3,5,true,19,17,34,75,6,9,15,30,0.66666667,0.83333333,0.8,0,
524,default,true,true,true,true,true,true,true,4,4,3,true,7,7,15,8,2,2,5,3,0.2,0.4,0.66666667,0.83333333,
525,default,true,true,true,true,true,true,true,3,2,4,true,32,19,23,36,5,5,7,15,0.57142857,0.28571429,0.55555556,0,
526,default,true,true,true,true,true,true,true,6,2,6,true,47,17,50,15,16,10,22,3,0.88888889,0.83333333,0.88888889,0.8,
527,default,true,true,true,true,true,true,true,7,2,4,true,43,18,44,20,10,5,8,8,0.85714286,0.28571429,0.875,0,
528,default,true,true,true,true,true,true,true,0,1,4,true,1,1,5,24,0,0,2,8,0,0,0.8,0.85714286,
529,default,true,true,true,true,true,true,true,2,1,4,true,4,9,14,20,0,2,5,6,0,0.8,0.875,0,
530,default,true,true,true,true,true,true,true,2,3,5,true,2,3,17,13,0,1,5,5,0.5,0.66666667,1,0.75,
531,default,true,true,true,true,true,true,true,5,5,5,true,3,3,7,12,1,1,4,9,0,0,1,0.66666667,
532,default,true,true,true,true,true,true,true,2,2,5,true,11,8,37,12,1,1,4,2,0.57142857,0.33333333,0.85714286,0,
533,default,true,true,true,true,true,true,true,6,3,6,true,15,5,25,24,2,1,7,7,0.75,0,0.875,0,
534,default,true,true,true,true,true,true,true,1,3,7,true,6,20,30,19,3,7,13,4,0,0.71428571,0.9,0.33333333,
535,default,true,true,true,true,true,true,true,2,1,6,true,13,5,19,43,3,2,7,8,0.5,0,0.83333333,0,
536,default,true,true,true,true,true,true,true,3,6,5,true,3,3,11,13,2,2,8,3,0,0.33333333,0.85714286,0.77777778,
537,default,true,true,true,true,true,true,true,2,1,3,true,50,45,114,78,20,20,43,32,0.22222222,0,0.66666667,0.71428571,
538,default,true,true,true,true,true,true,true,3,1,2,true,24,21,54,72,9,9,27,17,0,0,0.57142857,0,
539,default,true,true,true,true,true,true,true,7,5,8,true,28,22,23,13,8,10,7,1,1,1,1,0,
540,default,true,true,true,true,true,true,true,4,4,6,true,9,6,8,8,5,5,5,2,0.2,0,0,0.66666667,
541,default,true,true,true,true,true,true,true,5,3,5,true,9,33,32,0,3,13,14,0,0.14285714,0.85714286,0.83333333,,
542,default,true,true,true,true,true,true,true,3,3,7,true,4,5,24,27,2,2,5,5,0.75,0.8,0.83333333,1,
543,default,true,true,true,true,true,true,true,5,1,5,true,12,11,16,3,10,10,9,1,0.6,0.5,0.83333333,0,
544,default,true,true,true,true,true,true,true,5,2,9,true,4,0,14,10,0,0,6,2,1,,1,0.66666667,
545,default,true,true,true,true,true,true,true,7,3,10,true,4,8,7,36,0,3,1,14,0.75,1,1,0,
546,default,true,true,true,true,true,true,true,5,2,5,true,2,3,18,37,1,2,10,10,0.5,0.66666667,1,0,
547,default,true,true,true,true,true,true,true,2,0,2,true,11,7,28,1,5,5,10,0,0,0,0.5,1,
548,default,true,true,true,true,true,true,true,2,2,4,true,10,6,29,9,4,3,11,3,0.25,0,0.75,0,
549,default,true,true,true,true,true,true,true,4,4,4,true,22,20,45,3,7,5,7,1,0.7,0.57142857,0.85714286,0,
550,default,true,true,true,true,true,true,true,2,1,3,true,2,1,5,31,1,1,3,14,0.5,0,0.66666667,1,
551,default,true,true,true,true,true,true,true,5,0,5,true,29,25,20,6,11,11,13,1,1,0.85714286,0.8,1,
552,default,true,true,true,true,true,true,true,2,2,3,true,7,7,7,18,3,3,3,5,0.8,0.8,0.6,1,
553,default,true,true,true,true,true,true,true,3,4,6,true,8,2,24,33,5,0,10,8,1,0.5,1,0,
554,default,true,true,true,true,true,true,true,5,4,2,true,12,29,35,33,5,12,9,20,0.5,1,0.71428571,0.5,
555,default,true,true,true,true,true,true,true,3,1,2,true,11,2,44,25,4,1,15,15,0.85714286,0,1,0.71428571,
556,default,true,true,true,true,true,true,true,5,5,4,true,1,1,6,22,1,1,6,6,0,0,1,0,
557,default,true,true,true,true,true,true,true,2,0,5,true,11,7,3,41,4,4,1,7,1,1,1,0.85714286,
558,default,true,true,true,true,true,true,true,1,3,2,true,7,13,18,94,5,7,11,26,0.4,0.6,0.57142857,0,
559,default,true,true,true,true,true,true,true,1,4,3,true,26,3,29,18,6,1,9,6,0.875,0.33333333,1,0,
560,default,true,true,true,true,true,true,true,3,2,7,true,3,1,3,50,0,0,1,22,0.33333333,0,0.66666667,0.875,
561,default,true,true,true,true,true,true,true,3,3,4,true,0,10,5,12,0,5,1,4,,1,1,0.83333333,
562,default,true,true,true,true,true,true,true,4,4,5,true,5,6,13,0,3,3,8,0,0.66666667,0.75,0.83333333,,
563,default,true,true,true,true,true,true,true,2,1,7,true,14,13,42,18,4,4,16,5,0.14285714,0.16666667,0.75,0.6,
564,default,true,true,true,true,true,true,true,1,3,2,true,46,18,47,30,15,6,17,12,0.44444444,0.33333333,0.72727273,0,
565,default,true,true,true,true,true,true,true,4,1,3,true,12,7,19,22,1,1,2,2,0.6,0,1,0,
566,default,true,true,true,true,true,true,true,4,2,4,true,23,15,42,3,3,3,7,1,0.71428571,0.66666667,0.8,0.33333333,
567,default,true,true,true,true,true,true,true,4,3,5,true,39,26,61,6,10,12,18,4,0.875,0.875,1,0.5,
568,default,true,true,true,true,true,true,true,2,2,5,true,4,21,11,5,3,14,6,1,0,0.85714286,0.71428571,0,
569,default,true,true,true,true,true,true,true,5,4,4,true,2,3,4,26,0,2,2,9,1,1,1,0.81818182,
570,default,true,true,true,true,true,true,true,2,1,5,true,27,24,30,21,10,10,11,5,0.55555556,0.55555556,0.66666667,0.66666667,
571,default,true,true,true,true,true,true,true,3,4,4,true,24,11,15,6,8,4,6,5,1,0.75,0.83333333,0,
572,default,true,true,true,true,true,true,true,2,2,3,true,7,1,4,24,2,0,1,4,1,1,1,0.25,
573,default,true,true,true,true,true,true,true,4,4,4,true,3,11,9,17,1,3,3,5,0.66666667,1,1,0.8,
574,default,true,true,true,true,true,true,true,3,2,4,true,22,6,23,86,5,1,4,25,1,0.66666667,1,0,
575,default,true,true,true,true,true,true,true,1,5,5,true,12,46,23,36,5,16,7,7,0.8,1,0.875,0.66666667,
576,default,true,true,true,true,true,true,true,4,0,4,true,12,6,35,12,6,4,18,4,0.75,1,1,0.5,
577,default,true,true,true,true,true,true,true,3,1,4,true,3,10,4,7,0,2,1,3,0.66666667,0.83333333,0.75,0.42857143,
578,default,true,true,true,true,true,true,true,9,5,3,true,8,9,9,35,2,2,1,7,0.75,1,1,0,
579,default,true,true,true,true,true,true,true,2,1,3,true,5,5,11,25,1,1,3,7,0,0,0.8,0,
580,default,true,true,true,true,true,true,true,3,3,6,true,4,5,7,48,1,1,1,22,0.5,0.6,0.71428571,0,
581,default,true,true,true,true,true,true,true,2,1,3,true,5,2,13,12,1,1,3,3,0.33333333,0,1,0,
582,default,true,true,true,true,true,true,true,2,1,3,true,16,25,31,21,4,7,10,6,0,0.58333333,0.45454545,0.71428571,
583,default,true,true,true,true,true,true,true,1,4,7,true,2,4,39,49,1,1,15,14,0,0.5,0.85714286,1,
584,default,true,true,true,true,true,true,true,0,1,5,true,10,2,37,9,6,2,27,3,0.83333333,0.5,1,0.55555556,
585,default,true,true,true,true,true,true,true,4,3,4,true,29,15,32,36,22,11,22,16,0.875,0.2,0.71428571,0.71428571,
586,default,true,true,true,true,true,true,true,4,3,5,true,26,19,49,11,11,11,28,4,0.4,0.57142857,0.88888889,0,
587,default,true,true,true,true,true,true,true,1,2,5,true,0,8,24,2,0,1,8,1,,1,1,1,
588,default,true,true,true,true,true,true,true,5,6,7,true,8,5,24,15,8,5,18,11,0.5,0,1,0,
589,default,true,true,true,true,true,true,true,2,0,1,true,9,5,35,34,1,1,15,15,0,0,0.83333333,0,
590,default,true,true,true,true,true,true,true,2,4,5,true,21,19,43,24,9,11,20,11,0.2,0.4,1,0.75,
591,default,true,true,true,true,true,true,true,1,2,6,true,26,18,12,8,9,9,2,3,0.88888889,1,0.85714286,1,
592,default,true,true,true,true,true,true,true,1,2,4,true,21,21,48,11,8,10,15,1,0.25,0.28571429,0.75,0,
593,default,true,true,true,true,true,true,true,3,2,3,true,7,3,50,4,1,1,20,2,0,0,1,0,
594,default,true,true,true,true,true,true,true,0,1,3,true,31,29,48,4,9,9,15,3,0,0,0.4,0.5,
595,default,true,true,true,true,true,true,true,3,4,6,true,8,2,29,14,3,0,10,9,0.83333333,0.5,1,0.14285714,
596,default,true,true,true,true,true,true,true,6,4,3,true,10,5,6,12,3,3,4,5,0.6,0,0.25,1,
597,default,true,true,true,true,true,true,true,5,2,3,true,3,1,1,5,0,0,0,1,1,1,1,0.2,
598,default,true,true,true,true,true,true,true,3,4,5,true,12,3,26,89,2,0,6,30,1,0.66666667,1,0.625,
599,default,true,true,true,true,true,true,true,1,2,4,true,7,7,12,9,1,1,2,1,0,0,0.5,0,
600,default,true,true,true,true,true,true,true,2,4,7,true,14,20,58,37,4,6,14,12,0.2,0.5,0.81818182,0,
601,default,true,true,true,true,true,true,true,0,2,4,true,57,42,36,22,14,14,10,10,0.75,0.71428571,0.5,0,
602,default,true,true,true,true,true,true,true,5,3,9,true,3,1,13,18,1,1,1,5,0.66666667,0,0.66666667,0,
603,default,true,true,true,true,true,true,true,2,4,5,true,14,25,32,6,4,8,10,2,0.71428571,1,0.88888889,0,
604,default,true,true,true,true,true,true,true,3,2,9,true,5,4,18,62,1,1,6,22,0.66666667,1,1,1,
605,default,true,true,true,true,true,true,true,1,1,6,true,4,4,17,23,1,1,3,7,0.25,0.25,0.83333333,0.85714286,
606,default,true,true,true,true,true,true,true,0,0,2,true,60,39,226,8,17,17,82,2,0,0,1,0.375,
607,default,true,true,true,true,true,true,true,6,5,5,true,3,3,8,9,0,0,1,3,0.33333333,0.66666667,1,0,
608,default,true,true,true,true,true,true,true,6,2,3,true,2,0,9,4,1,0,2,1,1,,1,0,
609,default,true,true,true,true,true,true,true,7,4,4,true,9,3,29,59,3,1,13,21,0.85714286,0.66666667,0.85714286,1,
610,default,true,true,true,true,true,true,true,2,3,2,true,16,16,9,44,3,3,0,17,1,1,0.6,0,
611,default,true,true,true,true,true,true,true,2,2,2,true,11,10,29,15,7,7,17,5,0,0,0.83333333,0.5,
612,default,true,true,true,true,true,true,true,2,3,3,true,25,32,65,13,8,10,16,4,0.22222222,0.33333333,0.8,0,
613,default,true,true,true,true,true,true,true,0,2,3,true,16,12,56,51,5,4,22,13,0.125,0,1,0.71428571,
614,default,true,true,true,true,true,true,true,2,2,3,true,23,19,28,22,8,9,15,5,0.75,0.75,0.8,0.66666667,
615,default,true,true,true,true,true,true,true,3,4,5,true,23,11,32,25,6,5,13,7,0.375,0.4,0.8,0.2,
616,default,true,true,true,true,true,true,true,2,2,4,true,147,103,45,19,41,41,19,12,0.85714286,1,0.33333333,0,
617,default,true,true,true,true,true,true,true,1,1,2,true,30,19,78,14,5,5,22,6,0,0,0.88888889,0.83333333,
618,default,true,true,true,true,true,true,true,4,4,3,true,2,2,11,5,1,1,7,4,0.5,0.5,0.75,0,
619,default,true,true,true,true,true,true,true,3,3,5,true,11,14,14,15,2,3,2,4,0.5,0.75,0.75,1,
620,default,true,true,true,true,true,true,true,2,4,4,true,3,4,13,14,1,2,3,4,0,0.25,1,0.6,
621,default,true,true,true,true,true,true,true,4,6,5,true,8,9,4,12,4,3,2,4,0.66666667,0.85714286,0.75,1,
622,default,true,true,true,true,true,true,true,5,3,6,true,23,3,67,15,9,3,18,4,1,1,1,0,
623,default,true,true,true,true,true,true,true,2,1,2,true,15,11,22,4,7,4,8,0,0.7,0.57142857,0.71428571,0.25,
624,default,true,true,true,true,true,true,true,1,1,4,true,21,35,70,2,3,11,21,0,0,0.85714286,1,1,
625,default,true,true,true,true,true,true,true,4,0,3,true,2,0,8,14,2,0,3,10,1,,1,0,
626,default,true,true,true,true,true,true,true,3,3,4,true,4,4,12,73,1,2,7,17,1,1,1,1,
627,default,true,true,true,true,true,true,true,3,3,5,true,5,6,59,25,0,0,8,13,0.4,0.5,1,0.85714286,
628,default,true,true,true,true,true,true,true,3,3,8,true,8,5,22,17,3,3,9,6,0.33333333,0,1,0,
629,default,true,true,true,true,true,true,true,2,0,3,true,3,13,26,9,0,2,5,5,0,1,1,0,
630,default,true,true,true,true,true,true,true,4,0,5,true,11,2,6,10,4,0,2,3,0.75,0,1,0,
631,default,true,true,true,true,true,true,true,1,2,4,true,18,11,39,9,9,6,23,7,0.14285714,0.33333333,0.875,1,
632,default,true,true,true,true,true,true,true,4,3,5,true,5,3,3,85,2,3,2,23,0.8,1,1,1,
633,default,true,true,true,true,true,true,true,5,2,2,true,40,23,48,25,12,11,25,7,0.36363636,0.33333333,0.66666667,0,
634,default,true,true,true,true,true,true,true,1,2,6,true,19,16,44,60,4,5,12,20,0,0.14285714,0.83333333,0.6,
635,default,true,true,true,true,true,true,true,3,1,3,true,39,30,65,0,17,15,25,0,0.22222222,0,0.57142857,,
636,default,true,true,true,true,true,true,true,4,2,5,true,13,9,13,48,2,2,4,13,0.57142857,0.6,0.66666667,0.54545455,
637,default,true,true,true,true,true,true,true,5,3,8,true,2,3,7,7,0,0,3,2,0.5,1,0.71428571,0.2,
638,default,true,true,true,true,true,true,true,5,3,5,true,55,22,83,28,19,11,36,7,0.88888889,0.42857143,0.875,0.75,
639,default,true,true,true,true,true,true,true,1,1,3,true,1,2,3,37,1,1,2,8,0,0.5,0.66666667,0,
640,default,true,true,true,true,true,true,true,7,4,5,true,5,4,2,13,1,1,0,1,0.4,0.5,0,1,
641,default,true,true,true,true,true,true,true,7,5,9,true,16,6,72,37,1,0,12,10,1,0.5,1,0.1,
642,default,true,true,true,true,true,true,true,5,3,5,true,10,19,35,48,3,10,20,13,0.66666667,1,1,0.66666667,
643,default,true,true,true,true,true,true,true,2,1,4,true,6,18,12,22,1,8,2,8,0,1,0.8,0.66666667,
644,default,true,true,true,true,true,true,true,3,1,2,true,124,60,90,136,35,17,30,46,1,0,0.5,1,
645,default,true,true,true,true,true,true,true,1,2,4,true,26,16,17,6,4,4,4,4,1,1,1,0.83333333,
646,default,true,true,true,true,true,true,true,3,2,5,true,18,11,34,17,6,5,13,9,0.3,0,0.625,0,
647,default,true,true,true,true,true,true,true,3,1,2,true,7,6,7,14,2,2,2,3,0.14285714,0.16666667,0.2,0,
648,default,true,true,true,true,true,true,true,2,0,2,true,28,24,37,20,8,8,15,10,0,0,0.53846154,0.33333333,
649,default,true,true,true,true,true,true,true,2,2,3,true,1,11,12,6,0,6,5,4,1,1,1,1,
650,default,true,true,true,true,true,true,true,4,4,3,true,16,6,13,1,2,1,3,0,0.66666667,0.16666667,0.625,0,
651,default,true,true,true,true,true,true,true,6,4,6,true,7,1,28,0,4,1,14,0,1,1,1,,
652,default,true,true,true,true,true,true,true,5,5,6,true,11,10,37,18,3,6,9,5,0.22222222,0.375,0.81818182,0.16666667,
653,default,true,true,true,true,true,true,true,2,3,3,true,21,2,48,7,11,1,33,2,0.85714286,0,0.83333333,0.8,
654,default,true,true,true,true,true,true,true,3,1,3,true,4,2,7,11,1,1,2,4,0.5,0,0.71428571,0.85714286,
655,default,true,true,true,true,true,true,true,5,1,6,true,0,1,15,8,0,0,5,5,,0,1,0,
656,default,true,true,true,true,true,true,true,5,4,3,true,4,5,11,6,1,2,3,4,0.75,0.8,1,0.5,
657,default,true,true,true,true,true,true,true,3,2,5,true,54,11,79,7,21,4,38,3,0.8,0,0.875,0.33333333,
658,default,true,true,true,true,true,true,true,5,5,5,true,7,8,16,62,1,3,5,13,0.85714286,1,0.8,0.71428571,
659,default,true,true,true,true,true,true,true,4,5,7,true,17,8,10,19,6,4,3,6,0.77777778,0.66666667,0.75,0,
660,default,true,true,true,true,true,true,true,4,0,2,true,3,1,4,8,1,0,1,3,0.33333333,0,0.5,0,
661,default,true,true,true,true,true,true,true,3,3,5,true,3,3,7,8,1,1,3,1,0.66666667,0.66666667,1,0.83333333,
662,default,true,true,true,true,true,true,true,2,3,3,true,32,36,75,1,10,12,16,1,0.5,0.85714286,0.71428571,0,
663,default,true,true,true,true,true,true,true,1,1,2,true,50,44,46,2,14,14,15,1,0.63636364,0.66666667,0.66666667,0,
664,default,true,true,true,true,true,true,true,5,4,5,true,15,8,13,8,4,3,4,1,0.55555556,0.16666667,0.44444444,0.33333333,
665,default,true,true,true,true,true,true,true,1,2,3,true,28,7,26,51,8,4,10,17,0.58333333,0.42857143,0.5,0.75,
666,default,true,true,true,true,true,true,true,3,2,5,true,14,2,20,42,4,0,7,11,0.85714286,0,1,0.83333333,
667,default,true,true,true,true,true,true,true,2,3,6,true,2,10,17,37,1,5,5,14,0,1,0.8,1,
668,default,true,true,true,true,true,true,true,1,1,5,true,5,1,9,18,0,0,2,4,0.6,0,0.85714286,0,
669,default,true,true,true,true,true,true,true,5,6,7,true,3,12,10,7,1,4,3,2,0.33333333,1,1,0,
670,default,true,true,true,true,true,true,true,5,1,5,true,5,3,12,5,0,0,0,1,0.66666667,0.33333333,0.66666667,0.66666667,
671,default,true,true,true,true,true,true,true,4,2,6,true,12,1,5,4,6,0,2,1,1,0,0.8,0,
672,default,true,true,true,true,true,true,true,4,0,4,true,53,18,21,72,21,10,7,35,1,0.66666667,0.71428571,0.33333333,
673,default,true,true,true,true,true,true,true,2,2,2,true,14,29,19,36,3,7,6,13,0.375,0.75,0.57142857,0,
674,default,true,true,true,true,true,true,true,1,2,5,true,3,3,14,50,1,1,6,22,0,0.66666667,1,0.83333333,
675,default,true,true,true,true,true,true,true,2,2,3,true,3,18,7,20,0,9,2,10,0,1,0.8,1,
676,default,true,true,true,true,true,true,true,4,1,7,true,14,2,11,29,3,1,5,18,1,0.5,1,0.25,
677,default,true,true,true,true,true,true,true,3,2,5,true,27,19,49,54,4,7,11,15,0.66666667,0.33333333,0.875,1,
678,default,true,true,true,true,true,true,true,6,5,5,true,61,15,30,4,20,7,12,1,0.83333333,0.25,0.66666667,1,
679,default,true,true,true,true,true,true,true,1,4,6,true,20,15,18,6,12,9,9,1,0.5,0.2,0.25,0,
680,default,true,true,true,true,true,true,true,5,4,5,true,3,2,2,18,1,1,2,1,0.66666667,0.5,0.5,0,
681,default,true,true,true,true,true,true,true,4,6,5,true,6,3,10,22,1,1,2,9,0.75,0,0.66666667,0,
682,default,true,true,true,true,true,true,true,6,1,7,true,5,1,2,6,3,1,1,2,0.66666667,0,0.5,0,
683,default,true,true,true,true,true,true,true,2,4,3,true,2,7,2,11,0,3,1,2,0.5,1,1,0.71428571,
684,default,true,true,true,true,true,true,true,4,3,6,true,34,22,122,14,7,8,43,4,1,0.83333333,1,0.57142857,
685,default,true,true,true,true,true,true,true,6,2,3,true,15,5,16,18,7,3,12,5,0.75,0,0.71428571,0.66666667,
686,default,true,true,true,true,true,true,true,2,3,3,true,22,18,31,30,12,11,17,12,0.22222222,0.14285714,0.5,0.8,
687,default,true,true,true,true,true,true,true,4,1,5,true,9,8,15,19,1,2,5,3,0.2,0.75,0.75,0,
688,default,true,true,true,true,true,true,true,3,4,5,true,8,14,13,14,4,3,7,4,0.83333333,0.8,0.83333333,0,
689,default,true,true,true,true,true,true,true,3,0,3,true,13,6,13,9,6,4,5,2,0.66666667,0,0.5,0.28571429,
690,default,true,true,true,true,true,true,true,4,1,4,true,4,3,36,30,0,0,6,13,0,0,0.85714286,0.625,
691,default,true,true,true,true,true,true,true,4,3,4,true,31,4,18,18,14,3,9,6,1,1,1,0.33333333,
692,default,true,true,true,true,true,true,true,0,0,1,true,2,4,9,35,1,1,3,11,0,0.5,1,0,
693,default,true,true,true,true,true,true,true,1,0,1,true,62,97,76,28,16,35,24,6,0,0.88888889,0.45454545,0,
694,default,true,true,true,true,true,true,true,0,3,5,true,14,39,11,16,7,22,6,5,0.8,1,0.85714286,0.2,
695,default,true,true,true,true,true,true,true,3,3,6,true,8,3,15,20,2,2,2,6,0.625,0,0.5,0.57142857,
696,default,true,true,true,true,true,true,true,5,3,5,true,7,4,14,15,2,2,8,7,0.4,0,1,0,
697,default,true,true,true,true,true,true,true,4,3,6,true,39,33,51,36,14,16,20,10,0.90909091,0.90909091,0.875,0.25,
698,default,true,true,true,true,true,true,true,5,6,5,true,1,1,12,3,0,0,3,1,1,1,1,0.66666667,
699,default,true,true,true,true,true,true,true,5,3,4,true,55,43,22,9,12,13,6,2,0.85714286,0.875,0.625,0.8,
700,default,true,true,true,true,true,true,true,4,3,2,true,19,23,35,25,4,8,10,9,0.2,0.55555556,0.85714286,1,
701,default,true,true,true,true,true,true,true,3,1,1,true,7,2,4,1,3,2,2,0,0.42857143,0,0.5,0,
702,default,true,true,true,true,true,true,true,3,1,6,true,51,24,18,16,9,7,4,7,0.875,0.625,0.42857143,0.85714286,
703,default,true,true,true,true,true,true,true,4,4,4,true,32,25,81,1,7,7,26,0,0.44444444,0.33333333,1,0,
704,default,true,true,true,true,true,true,true,6,1,6,true,9,2,65,11,2,0,27,5,0.85714286,0.5,1,0.5,
705,default,true,true,true,true,true,true,true,3,3,5,true,29,15,126,163,8,5,47,54,1,0.85714286,0.85714286,0.66666667,
706,default,true,true,true,true,true,true,true,3,2,5,true,14,8,27,114,3,4,10,46,0.28571429,0.25,1,0.77777778,
707,default,true,true,true,true,true,true,true,1,1,4,true,25,18,48,12,6,6,13,5,0,0,0.63636364,0.375,
708,default,true,true,true,true,true,true,true,3,5,7,true,1,8,5,42,0,1,1,14,1,1,1,0.83333333,
709,default,true,true,true,true,true,true,true,4,2,6,true,48,36,99,13,11,11,40,7,0.875,0.71428571,1,0,
710,default,true,true,true,true,true,true,true,2,1,2,true,16,21,29,36,8,11,12,8,0.14285714,0.42857143,0.5,0.6,
711,default,true,true,true,true,true,true,true,3,1,5,true,2,4,15,19,0,1,7,10,0,0.5,0.75,1,
712,default,true,true,true,true,true,true,true,3,2,3,true,6,4,10,10,4,2,6,6,0.5,0.25,1,0,
713,default,true,true,true,true,true,true,true,3,2,4,true,4,11,18,17,1,4,6,9,0,0.83333333,0.85714286,0,
714,default,true,true,true,true,true,true,true,3,1,5,true,10,9,44,18,5,5,18,9,0.16666667,0.2,0.83333333,1,
715,default,true,true,true,true,true,true,true,0,2,6,true,12,11,14,44,6,6,5,20,0.83333333,1,0.83333333,0.6,
716,default,true,true,true,true,true,true,true,5,2,5,true,15,3,22,8,4,2,10,2,0.66666667,0.33333333,0.85714286,0,
717,default,true,true,true,true,true,true,true,5,1,9,true,27,23,25,15,8,10,14,5,1,1,1,0,
718,default,true,true,true,true,true,true,true,3,4,4,true,16,10,29,66,4,4,10,26,0.25,0.16666667,0.5,0.375,
719,default,true,true,true,true,true,true,true,2,2,4,true,3,1,10,6,2,1,4,4,0.66666667,0,1,1,
720,default,true,true,true,true,true,true,true,2,1,5,true,28,15,38,31,5,5,10,9,0.85714286,0.75,1,0,
721,default,true,true,true,true,true,true,true,3,4,6,true,8,8,32,2,1,1,6,0,0,0,0.8,1,
722,default,true,true,true,true,true,true,true,1,2,2,true,7,14,39,59,0,5,18,32,0,0.75,0.83333333,0.88888889,
723,default,true,true,true,true,true,true,true,4,2,4,true,13,6,5,63,4,2,2,26,1,1,1,0.75,
724,default,true,true,true,true,true,true,true,3,1,3,true,11,3,10,66,1,0,3,27,0.75,0.33333333,0.83333333,1,
725,default,true,true,true,true,true,true,true,4,2,7,true,27,3,12,44,5,2,5,11,1,0,0.83333333,0.6,
726,default,true,true,true,true,true,true,true,11,7,6,true,4,4,12,11,0,1,6,4,0.25,0.25,0.83333333,0.42857143,
727,default,true,true,true,true,true,true,true,3,3,4,true,6,5,9,15,1,3,3,4,0.5,0.6,0.71428571,0.6,
728,default,true,true,true,true,true,true,true,2,1,3,true,3,3,19,14,2,2,10,5,0,0,0.66666667,0.75,
729,default,true,true,true,true,true,true,true,3,5,5,true,1,1,11,2,1,1,3,0,0,0,1,0,
730,default,true,true,true,true,true,true,true,4,4,6,true,7,7,6,16,6,6,3,3,0.8,0.8,0.66666667,1,
731,default,true,true,true,true,true,true,true,4,2,6,true,4,2,4,5,3,1,1,3,0.5,0,0.25,0,
732,default,true,true,true,true,true,true,true,6,1,7,true,27,25,35,12,6,5,10,2,0.83333333,1,1,1,
733,default,true,true,true,true,true,true,true,3,1,2,true,45,32,58,16,16,16,27,7,0.88888889,0.85714286,0.85714286,1,
734,default,true,true,true,true,true,true,true,4,5,5,true,5,3,8,9,1,1,3,0,0.6,0.33333333,0.83333333,0.14285714,
735,default,true,true,true,true,true,true,true,5,4,4,true,4,3,2,65,2,2,2,19,0.5,0.66666667,0.5,0.77777778,
736,default,true,true,true,true,true,true,true,0,1,2,true,33,27,50,7,12,12,18,1,0,0,0.55555556,0,
737,default,true,true,true,true,true,true,true,3,3,3,true,19,32,139,19,7,12,49,12,1,1,1,0.75,
738,default,true,true,true,true,true,true,true,4,4,4,true,8,7,2,8,1,3,1,6,1,1,1,1,
739,default,true,true,true,true,true,true,true,4,6,7,true,29,5,11,40,4,1,2,12,0.85714286,0.66666667,0.85714286,0,
740,default,true,true,true,true,true,true,true,2,2,1,true,36,28,16,2,14,14,7,1,0.8,0.8,0.16666667,0,
741,default,true,true,true,true,true,true,true,3,2,5,true,11,9,22,22,5,5,11,6,0.5,0.25,1,0.75,
742,default,true,true,true,true,true,true,true,4,0,3,true,12,10,19,6,8,8,7,4,0.33333333,0.33333333,0.6,0,
743,default,true,true,true,true,true,true,true,2,6,5,true,4,2,7,2,1,1,1,1,0.5,0,0.8,0.5,
744,default,true,true,true,true,true,true,true,3,0,3,true,48,8,97,13,13,1,21,6,1,0.5,1,0.25,
745,default,true,true,true,true,true,true,true,4,4,3,true,21,5,26,22,4,2,8,8,0.6,0,0.85714286,0,
746,default,true,true,true,true,true,true,true,1,2,3,true,23,10,26,10,9,7,12,3,0.44444444,0,0.7,0,
747,default,true,true,true,true,true,true,true,6,6,3,true,14,7,19,7,8,3,8,1,0.55555556,0.42857143,0.83333333,0,
748,default,true,true,true,true,true,true,true,4,1,6,true,137,29,38,16,45,11,16,7,0.85714286,0.22222222,0.55555556,0.6,
749,default,true,true,true,true,true,true,true,2,3,1,true,6,1,6,19,1,0,1,4,0.5,0,0.66666667,0.8,
750,default,true,true,true,true,true,true,true,1,2,3,true,16,11,35,2,2,2,13,0,0.22222222,0,0.625,0,
751,default,true,true,true,true,true,true,true,4,4,7,true,4,0,2,55,1,0,2,18,1,,1,0,
752,default,true,true,true,true,true,true,true,2,1,2,true,34,25,42,46,14,14,25,21,0,0,0.44444444,0.625,
753,default,true,true,true,true,true,true,true,4,4,4,true,13,12,46,15,5,5,17,3,0.75,0.71428571,0.8,1,
754,default,true,true,true,true,true,true,true,1,3,6,true,1,4,33,22,0,0,18,13,0,1,1,0.625,
755,default,true,true,true,true,true,true,true,3,6,5,true,49,43,38,9,8,17,11,4,0.8,1,1,0.8,
756,default,true,true,true,true,true,true,true,0,2,4,true,12,12,32,14,8,8,12,7,0.57142857,0.57142857,0.77777778,0.71428571,
757,default,true,true,true,true,true,true,true,5,2,5,true,17,15,12,3,7,6,5,0,0.8,0.66666667,0.66666667,0.33333333,
758,default,true,true,true,true,true,true,true,3,1,5,true,13,20,61,16,7,14,35,4,0,0.8,1,0,
759,default,true,true,true,true,true,true,true,5,2,4,true,5,3,13,1,3,2,3,1,0.66666667,0.66666667,0.85714286,0,
760,default,true,true,true,true,true,true,true,2,2,5,true,3,2,3,1,1,1,1,0,0.33333333,0.5,0.66666667,0,
761,default,true,true,true,true,true,true,true,5,2,5,true,5,2,10,98,4,2,5,52,0.8,1,1,0,
762,default,true,true,true,true,true,true,true,6,2,6,true,12,5,4,47,3,1,1,14,1,0.33333333,0,0,
763,default,true,true,true,true,true,true,true,6,3,10,true,4,20,21,27,2,8,10,8,0,1,0.88888889,0.66666667,
764,default,true,true,true,true,true,true,true,1,1,4,true,34,18,93,24,6,6,31,11,0.4,0,0.77777778,0.5,
765,default,true,true,true,true,true,true,true,3,0,4,true,6,5,16,2,1,1,7,1,0.33333333,0.2,0.85714286,0.5,
766,default,true,true,true,true,true,true,true,4,5,5,true,5,19,29,21,2,7,9,8,0.8,1,1,0.4,
767,default,true,true,true,true,true,true,true,0,1,7,true,1,1,3,38,1,1,2,12,0,0,0.66666667,0.875,
768,default,true,true,true,true,true,true,true,10,1,8,true,8,3,40,51,2,0,15,17,1,0.66666667,1,0.69230769,
769,default,true,true,true,true,true,true,true,0,2,6,true,14,11,29,25,3,3,9,9,0.85714286,0.83333333,1,0.71428571,
770,default,true,true,true,true,true,true,true,4,5,5,true,16,1,9,3,3,0,3,1,1,1,1,0,
771,default,true,true,true,true,true,true,true,3,3,7,true,12,1,19,86,1,0,3,36,0.66666667,0,0.8,0,
772,default,true,true,true,true,true,true,true,3,4,4,true,25,5,55,13,4,1,16,6,0.66666667,0,1,1,
773,default,true,true,true,true,true,true,true,0,1,2,true,6,21,16,22,1,6,2,4,0,0.875,0.625,0.375,
774,default,true,true,true,true,true,true,true,4,2,8,true,0,1,3,113,0,1,0,40,,1,1,0,
775,default,true,true,true,true,true,true,true,2,6,4,true,8,19,50,53,5,14,23,31,0.25,0.88888889,1,0.7,
776,default,true,true,true,true,true,true,true,2,2,6,true,13,7,17,23,6,3,6,8,0.71428571,0.6,0.625,0,
777,default,true,true,true,true,true,true,true,4,2,3,true,9,12,61,22,1,6,24,7,0.4,0.85714286,1,0,
778,default,true,true,true,true,true,true,true,3,1,3,true,16,4,15,6,4,0,4,3,0.85714286,0.5,0.83333333,0.33333333,
779,default,true,true,true,true,true,true,true,4,2,4,true,4,11,3,7,2,4,1,3,1,1,1,1,
780,default,true,true,true,true,true,true,true,3,3,5,true,23,7,10,133,6,2,2,59,1,0.8,0.83333333,0,
781,default,true,true,true,true,true,true,true,2,4,6,true,2,1,4,70,1,1,0,21,1,1,1,0.25,
782,default,true,true,true,true,true,true,true,2,0,3,true,26,20,48,22,7,7,16,9,0,0,0.71428571,0.77777778,
783,default,true,true,true,true,true,true,true,3,1,3,true,18,5,18,16,8,2,9,8,0.75,0,0.75,0.2,
784,default,true,true,true,true,true,true,true,7,1,4,true,4,21,9,3,1,3,1,0,0.5,1,0.71428571,0.33333333,
785,default,true,true,true,true,true,true,true,0,0,2,true,1,1,16,41,0,0,6,18,0,0,1,0.375,
786,default,true,true,true,true,true,true,true,2,4,8,true,24,6,15,17,4,1,6,1,0.75,0,0.75,0.5,
787,default,true,true,true,true,true,true,true,3,1,3,true,30,25,12,47,8,11,5,17,0.72727273,0.88888889,0.57142857,0,
788,default,true,true,true,true,true,true,true,5,1,4,true,10,6,10,13,1,1,4,3,0.4,0.25,0.66666667,0.77777778,
789,default,true,true,true,true,true,true,true,3,0,6,true,3,1,2,7,1,0,0,1,0.66666667,0,0.5,0.28571429,
790,default,true,true,true,true,true,true,true,6,6,5,true,15,3,6,10,2,0,1,3,1,1,1,0.8,
791,default,true,true,true,true,true,true,true,3,4,4,true,11,7,20,6,0,1,3,2,0.5,1,1,0.66666667,
792,default,true,true,true,true,true,true,true,4,2,6,true,13,5,18,15,2,1,3,4,0.71428571,0.2,0.71428571,0.66666667,
793,default,true,true,true,true,true,true,true,5,2,4,true,11,2,5,1,2,0,1,1,1,1,1,0,
794,default,true,true,true,true,true,true,true,7,4,6,true,31,16,30,3,9,7,19,1,0.75,0.85714286,1,0,
795,default,true,true,true,true,true,true,true,1,3,4,true,4,0,3,22,1,0,1,10,1,,1,0,
796,default,true,true,true,true,true,true,true,1,1,6,true,10,7,17,180,3,1,4,56,0.6,0,0.77777778,0.71428571,
797,default,true,true,true,true,true,true,true,2,0,4,true,10,6,20,9,4,4,9,1,0.125,0,0.63636364,0,
798,default,true,true,true,true,true,true,true,3,2,5,true,24,20,29,20,13,13,15,10,0,0,0.33333333,1,
799,default,true,true,true,true,true,true,true,2,4,3,true,3,4,10,88,3,4,4,27,0,0.5,1,0.77777778,
800,default,true,true,true,true,true,true,true,3,3,4,true,9,1,13,17,4,1,5,11,1,1,1,0.83333333,
801,default,true,true,true,true,true,true,true,3,3,3,true,7,4,7,7,2,3,2,2,0.8,0.75,0.85714286,0.6,
802,default,true,true,true,true,true,true,true,4,4,4,true,9,1,12,0,3,0,7,0,0.75,0,0.8,,
803,default,true,true,true,true,true,true,true,5,4,5,true,10,5,16,6,1,1,5,1,0.66666667,0.66666667,1,0,
804,default,true,true,true,true,true,true,true,0,3,3,true,5,6,9,6,2,2,2,2,1,1,1,0,
805,default,true,true,true,true,true,true,true,1,1,5,true,6,1,16,7,3,0,7,6,1,0,0.88888889,0,
806,default,true,true,true,true,true,true,true,3,1,3,true,16,4,45,24,3,1,10,7,0.55555556,0.25,1,0.2,
807,default,true,true,true,true,true,true,true,3,1,3,true,43,12,23,14,12,4,6,8,1,0.25,0.5,0.57142857,
808,default,true,true,true,true,true,true,true,2,0,3,true,17,1,34,7,4,0,9,3,1,0,1,0.6,
809,default,true,true,true,true,true,true,true,4,1,6,true,1,0,8,38,0,0,1,10,1,,0.83333333,0,
810,default,true,true,true,true,true,true,true,7,2,6,true,2,5,7,9,0,2,4,3,0.5,0.8,0.66666667,0.33333333,
811,default,true,true,true,true,true,true,true,1,3,4,true,2,2,6,10,0,0,1,7,1,1,1,0.4,
812,default,true,true,true,true,true,true,true,3,6,1,true,4,3,8,3,1,1,1,0,0.5,0.66666667,0.83333333,0,
813,default,true,true,true,true,true,true,true,1,1,4,true,8,1,16,10,2,1,2,1,0.625,0,1,0,
814,default,true,true,true,true,true,true,true,0,0,3,true,5,5,49,2,0,0,14,2,0,0,0.88888889,0,
815,default,true,true,true,true,true,true,true,1,2,8,true,11,8,25,9,5,5,12,7,0.28571429,0.33333333,0.85714286,0,
816,default,true,true,false,true,true,true,true,2,3,3,true,26,22,13,27,13,13,8,10,0.75,0.83333333,0.5,0,
817,default,true,true,true,true,true,true,true,4,1,7,true,10,2,7,5,3,1,2,2,0.75,0,0.71428571,0.2,
818,default,true,true,true,true,true,true,true,2,2,4,true,6,10,46,30,3,5,20,11,1,1,1,0.88888889,
819,default,true,true,true,true,true,true,true,1,1,4,true,15,11,28,70,4,3,9,32,0.125,0,0.77777778,1,
820,default,true,true,true,true,true,true,true,4,2,5,true,38,28,87,34,13,10,27,3,0.375,0,1,0.57142857,
821,default,true,true,true,true,true,true,true,3,3,4,true,12,11,21,1,5,5,6,1,0,0.28571429,0.625,1,
822,default,true,true,true,true,true,true,true,4,4,6,true,27,14,23,61,12,8,12,12,0.625,0,0.42857143,0.83333333,
823,default,true,true,true,true,true,true,true,3,0,6,true,3,6,15,55,1,2,5,24,1,1,1,0,
824,default,true,true,true,true,true,true,true,2,2,5,true,17,4,35,45,4,2,13,21,0.625,0,0.66666667,0.6,
825,default,true,true,true,true,true,true,true,3,2,7,true,7,5,13,38,5,5,5,21,1,1,1,0.85714286,
826,default,true,true,true,true,true,true,true,0,1,5,true,35,23,45,30,6,5,11,14,0.25,0,0.7,0.625,
827,default,true,true,true,true,true,true,true,2,1,4,true,43,29,60,23,13,13,25,15,0.3,0.25,0.55555556,0.28571429,
828,default,true,true,true,true,true,true,true,4,4,4,true,6,0,6,115,1,0,3,44,1,,1,0.16666667,
829,default,true,true,true,true,true,true,true,1,3,3,true,4,4,3,49,1,0,0,15,0.5,0.5,0.33333333,1,
830,default,true,true,true,true,true,true,true,3,3,6,true,21,17,100,8,8,8,39,5,0.875,0.85714286,1,0.66666667,
831,default,true,true,true,true,true,true,true,3,5,3,true,25,15,26,10,5,4,5,5,0.77777778,0.71428571,0.75,0,
832,default,true,true,true,true,true,true,true,2,2,3,true,6,6,20,11,1,1,7,5,0.66666667,0.66666667,1,0.4,
833,default,true,true,true,true,true,true,true,6,3,5,true,4,6,17,18,4,3,9,6,0.5,0.5,0.85714286,0,
834,default,true,true,true,true,true,true,true,1,5,5,true,7,3,44,24,1,1,12,6,0,0,1,0.875,
835,default,true,true,true,true,true,true,true,2,3,6,true,7,2,43,56,4,2,14,16,0.6,0,1,0.90909091,
836,default,true,true,true,true,true,true,true,3,0,4,true,28,23,37,3,9,7,10,0,0.28571429,0.16666667,0.55555556,0,
837,default,true,true,true,true,true,true,true,2,1,2,true,18,18,24,41,10,10,14,18,0,0,0.25,0.5,
838,default,true,true,true,true,true,true,true,2,3,6,true,2,15,34,11,0,4,10,1,0,1,1,0.57142857,
839,default,true,true,true,true,true,true,true,5,1,6,true,4,1,8,133,1,1,4,37,0.25,0,1,1,
840,default,true,true,true,true,true,true,true,2,3,3,true,5,7,24,18,2,5,10,5,0,0.4,0.8,0.2,
841,default,true,true,true,true,true,true,true,2,0,5,true,36,13,45,22,12,6,19,9,1,1,1,0.75,
842,default,true,true,true,true,true,true,true,5,2,4,true,30,20,33,27,19,17,20,5,1,1,1,0,
843,default,true,true,true,true,true,true,true,6,1,4,true,2,0,6,33,1,0,3,17,1,,1,0,
844,default,true,true,true,true,true,true,true,2,2,4,true,20,5,19,1,5,1,6,0,0.83333333,0.4,0.85714286,0,
845,default,true,true,true,true,true,true,true,2,0,4,true,14,7,26,4,6,2,10,1,1,0.8,1,0.5,
846,default,true,true,true,true,true,true,true,4,2,4,true,24,25,40,9,7,8,11,4,1,1,1,0.75,
847,default,true,true,true,true,true,true,true,1,0,3,true,15,30,30,28,5,12,9,9,0,0.66666667,0.57142857,0,
848,default,true,true,true,true,true,true,true,6,1,6,true,3,5,6,7,1,2,1,3,0,0.33333333,0.5,0,
849,default,true,true,true,true,true,true,true,0,0,2,true,119,82,189,6,42,42,62,3,0,0,0.8,0.66666667,
850,default,true,true,true,true,true,true,true,6,4,4,true,12,11,25,27,3,2,12,10,0.42857143,0.33333333,0.6,0,
851,default,true,true,true,true,true,true,true,6,1,7,true,40,16,57,8,12,6,15,3,0.75,0.125,0.42857143,0.5,
852,default,true,true,true,true,true,true,true,4,2,7,true,14,14,41,7,1,8,17,1,0.14285714,0.8,1,0,
853,default,true,true,true,true,true,true,true,3,6,4,true,0,0,4,2,0,0,0,1,,,1,1,
854,default,true,true,true,true,true,true,true,1,2,3,true,51,39,27,49,19,18,20,14,0.85714286,1,1,0,
855,default,true,true,true,true,true,true,true,5,0,6,true,2,5,3,8,1,2,1,1,1,1,1,0,
856,default,true,true,true,true,true,true,true,5,3,4,true,3,1,7,4,2,1,4,0,0.33333333,0,0.66666667,0,
857,default,true,true,true,true,true,true,true,6,2,9,true,14,3,19,0,3,1,9,0,0.75,0.33333333,0.88888889,,
858,default,true,true,true,true,true,true,true,2,5,4,true,2,6,10,39,1,3,5,11,0.5,0.83333333,0.875,1,
859,default,true,true,true,true,true,true,true,6,3,6,true,25,11,12,16,9,4,4,4,1,0.85714286,0.66666667,0,
860,default,true,true,true,true,true,true,true,4,5,6,true,2,1,4,36,1,0,2,8,0.5,0,0.75,0.66666667,
861,default,true,true,true,true,true,true,true,3,3,4,true,5,4,12,16,1,1,3,6,0.33333333,0.5,1,0,
862,default,true,true,true,true,true,true,true,2,1,6,true,24,14,28,1,5,3,8,0,0.5,0.42857143,0.7,1,
863,default,true,true,true,true,true,true,true,5,3,4,true,9,0,28,15,1,0,13,5,1,,1,0,
864,default,true,true,true,true,true,true,true,3,4,3,true,6,5,8,10,1,0,2,2,0.5,0.66666667,0.83333333,0.4,
865,default,true,true,true,true,true,true,true,4,2,7,true,6,4,3,9,0,0,1,3,0.25,0.5,0.66666667,0.88888889,
866,default,true,true,true,true,true,true,true,3,4,5,true,4,4,13,43,1,2,4,15,0.5,0.75,0.75,0.6,
867,default,true,true,true,true,true,true,true,2,3,6,true,8,8,7,20,4,1,1,6,0.5,0.5,0.4,0,
868,default,true,true,true,true,true,true,true,5,3,5,true,12,13,42,16,4,4,12,5,0.33333333,0.33333333,0.85714286,0.6,
869,default,true,true,true,true,true,true,true,5,0,4,true,1,1,10,11,0,0,2,2,1,1,1,0.85714286,
870,default,true,true,true,true,true,true,true,2,0,5,true,7,7,14,16,1,1,3,6,0,0,0.8,0.33333333,
871,default,true,true,true,true,true,true,true,5,4,7,true,2,10,1,11,1,3,1,4,1,1,1,0.75,
872,default,true,true,true,true,true,true,true,3,2,5,true,9,6,12,44,0,1,1,19,0,0.5,1,0.55555556,
873,default,true,true,true,true,true,true,true,7,1,5,true,12,1,1,94,2,1,1,22,1,1,1,0.8,
874,default,true,true,true,true,true,true,true,1,1,5,true,43,6,8,10,18,3,3,5,0.85714286,0,0.33333333,0.66666667,
875,default,true,true,true,true,true,true,true,3,4,5,true,4,4,8,41,0,1,3,14,0,0.75,1,0.5,
876,default,true,true,true,true,true,true,true,4,1,3,true,3,1,10,3,1,1,3,0,1,1,1,1,
877,default,true,true,true,true,true,true,true,8,1,6,true,8,1,23,37,1,0,4,7,0.83333333,0,1,0.6,
878,default,true,true,true,true,true,true,true,2,1,4,true,64,48,80,46,27,27,44,18,0.75,0.72727273,0.8,0.375,
879,default,true,true,true,true,true,true,true,3,3,5,true,19,20,37,69,8,7,22,23,0.33333333,0.57142857,0.85714286,0.33333333,
880,default,true,true,true,true,true,true,true,4,5,5,true,1,10,12,97,0,6,4,40,1,1,1,0.75,
881,default,true,true,true,true,true,true,true,2,0,4,true,16,4,14,70,4,1,3,25,0.85714286,0.25,0.85714286,0,
882,default,true,true,true,true,true,true,true,1,2,4,true,34,24,89,77,9,9,31,23,0,0,0.85714286,0.5,
883,default,true,true,true,true,true,true,true,3,2,5,true,4,3,10,1,0,0,2,0,0,0,1,0,
884,default,true,true,true,true,true,true,true,1,1,7,true,5,4,9,4,2,2,2,3,0.6,0.5,0.8,1,
885,default,true,true,true,true,true,true,true,1,1,3,true,3,2,21,14,1,1,7,4,0,0,1,0.28571429,
886,default,true,true,true,true,true,true,true,3,1,4,true,17,11,40,33,3,2,11,14,0.75,0.71428571,0.66666667,0.3,
887,default,true,true,true,true,true,true,true,2,1,2,true,6,4,13,34,2,2,3,16,0,0,0.71428571,0.375,
888,default,true,true,true,true,true,true,true,5,2,6,true,23,6,15,12,6,4,7,3,1,0.75,1,0.42857143,
889,default,true,true,true,true,true,true,true,3,1,5,true,2,3,9,30,0,1,2,14,0,0.33333333,0.8,0,
890,default,true,true,true,true,true,true,true,6,3,3,true,4,1,2,15,1,1,1,4,0,0,0.5,0.45454545,
891,default,true,true,true,true,true,true,true,3,3,1,true,2,2,13,4,0,0,1,0,1,1,1,0,
892,default,true,true,true,true,true,true,true,7,3,13,true,2,2,17,18,2,1,7,1,1,1,1,1,
893,default,true,true,true,true,true,true,true,3,5,6,true,1,16,24,1,0,9,12,0,0,1,1,1,
894,default,true,true,true,true,true,true,true,1,4,5,true,21,6,68,47,6,3,31,13,0.83333333,0.25,1,0,
895,default,true,true,true,true,true,true,true,1,2,4,true,11,15,47,8,9,12,37,5,0.25,0.5,1,0.66666667,
896,default,true,true,true,true,true,true,true,2,2,4,true,7,2,15,6,2,1,5,1,0.8,0,1,0.16666667,
897,default,true,true,true,true,true,true,true,3,2,6,true,44,41,92,16,22,22,43,0,0,0,0.625,0.57142857,
898,default,true,true,true,true,true,true,true,4,2,8,true,13,6,24,58,4,3,15,18,0.8,0.5,1,0,
899,default,true,true,true,true,true,true,true,4,2,6,true,1,1,9,12,1,1,4,8,0,0,1,0.6,
900,default,true,true,true,true,true,true,true,5,3,4,true,10,9,40,11,3,1,15,4,0.33333333,0.75,1,0.28571429,
901,default,true,true,true,true,true,true,true,2,0,3,true,7,2,14,53,2,1,4,14,0.8,0.5,0.6,1,
902,default,true,true,true,true,true,true,true,2,3,4,true,1,3,16,22,1,1,12,5,1,1,1,1,
903,default,true,true,true,true,true,true,true,2,0,4,true,9,6,18,28,3,3,8,9,0.57142857,0.25,1,0.625,
904,default,true,true,true,true,true,true,true,2,3,4,true,15,6,20,7,2,0,3,3,0.75,0.5,0.83333333,0.2,
905,default,true,true,true,true,true,true,true,3,2,4,true,9,14,93,3,2,5,47,0,0.14285714,0.42857143,1,0,
906,default,true,true,true,true,true,true,true,3,4,7,true,11,4,31,31,5,2,17,14,1,0.75,1,0,
907,default,true,true,true,true,true,true,true,2,3,4,true,8,24,53,15,4,9,18,6,0.5,0.88888889,1,0.25,
908,default,true,true,true,true,true,true,true,4,1,3,true,6,5,13,17,2,2,5,6,0.33333333,0.4,0.75,0.16666667,
909,default,true,true,true,true,true,true,true,4,3,9,true,3,2,9,23,0,0,2,11,0.33333333,0,1,1,
910,default,true,true,true,true,true,true,true,4,3,7,true,1,9,18,21,0,2,6,5,1,1,1,0.75,
911,default,true,true,true,true,true,true,true,1,1,4,true,2,1,17,1,1,1,5,0,0,0,1,0,
912,default,true,true,true,true,true,true,true,5,1,5,true,2,0,7,3,0,0,1,1,1,,1,0,
913,default,true,true,true,true,true,true,true,1,2,4,true,9,3,10,11,2,0,2,5,0.42857143,0,0.75,0.85714286,
914,default,true,true,true,true,true,true,true,4,4,5,true,7,18,31,24,3,7,15,4,0.57142857,0.83333333,1,0.75,
915,default,true,true,true,true,true,true,true,2,4,3,true,11,14,18,40,5,6,8,11,0,0.28571429,0.22222222,0.44444444,
916,default,true,true,true,true,true,true,true,2,3,3,true,3,3,7,5,1,1,3,5,1,1,1,0.33333333,
917,default,true,true,true,true,true,true,true,2,1,2,true,54,14,28,47,5,2,10,11,0.55555556,0,0.5,0,
918,default,true,true,true,true,true,true,true,3,2,4,true,11,0,23,33,3,0,11,8,1,,1,0,
919,default,true,true,true,true,true,true,true,4,3,6,true,8,6,8,17,5,3,1,8,0.5,0.66666667,0.75,0,
920,default,true,true,true,true,true,true,true,1,3,4,true,62,43,89,15,14,14,22,7,0.85714286,0.85714286,0.83333333,0,
921,default,true,true,true,true,true,true,true,3,4,4,true,11,9,7,33,5,6,2,12,0.8,0.6,0.4,0,
922,default,true,true,true,true,true,true,true,2,2,5,true,20,11,47,36,6,5,12,17,0.71428571,0.25,0.66666667,0.66666667,
923,default,true,true,true,true,true,true,true,2,3,4,true,2,0,15,25,1,0,2,12,1,,1,0.85714286,
924,default,true,true,true,true,true,true,true,0,2,4,true,4,6,6,7,0,1,1,2,0,0.66666667,0.75,0.6,
925,default,true,true,true,true,true,true,true,6,5,8,true,1,5,1,10,0,0,0,4,1,1,1,1,
926,default,true,true,true,true,true,true,true,1,2,3,true,4,2,7,76,2,1,2,29,0.5,0.5,0.8,0.875,
927,default,true,true,true,true,true,true,true,5,1,4,true,1,1,10,21,0,0,3,9,0,0,1,0.75,
928,default,true,true,true,true,true,true,true,3,5,2,true,50,25,56,5,14,12,24,3,1,1,1,0.4,
929,default,true,true,true,true,true,true,true,3,1,3,true,4,3,18,15,3,3,7,7,0,0,0.77777778,0,
930,default,true,true,true,true,true,true,true,3,4,6,true,7,6,27,11,0,1,6,5,0.2,0.5,0.88888889,0.25,
931,default,true,true,true,true,true,true,true,5,5,5,true,8,17,25,21,5,17,17,6,0.5,1,1,0.3,
932,default,true,true,true,true,true,true,true,3,4,6,true,12,12,62,4,2,3,15,1,0.75,0.66666667,1,0.5,
933,default,true,true,true,true,true,true,true,2,5,10,true,25,18,44,27,9,9,22,12,0.8,0.5,0.75,0.5,
934,default,true,true,true,true,true,true,true,2,2,3,true,6,3,14,17,4,2,5,3,0.75,0.33333333,0.8,0,
935,default,true,true,true,true,true,true,true,3,3,2,true,37,25,28,31,14,14,14,9,0.375,0.42857143,0.5,0,
936,default,true,true,true,true,true,true,true,4,4,5,true,5,8,17,15,2,3,8,3,0,0.5,0.875,1,
937,default,true,true,true,true,true,true,true,5,3,4,true,28,5,39,16,6,2,6,5,1,0.33333333,0.8,0.42857143,
938,default,true,true,true,true,true,true,true,1,1,3,true,14,13,32,70,3,3,9,32,0.8,0.75,0.875,0,
939,default,true,true,true,true,true,true,true,2,2,5,true,21,7,13,17,12,4,9,6,0.875,0.4,0.66666667,0.5,
940,default,true,true,true,true,true,true,true,2,6,5,true,10,8,12,5,1,1,1,1,1,1,1,1,
941,default,true,true,true,true,true,true,true,1,2,4,true,4,4,11,20,0,0,4,6,1,1,1,0.66666667,
942,default,true,true,true,true,true,true,true,3,1,6,true,0,0,23,3,0,0,9,1,,,1,0,
943,default,true,true,true,true,true,true,true,3,3,3,true,2,2,12,6,1,1,4,1,0,0,0.85714286,1,
944,default,true,true,true,true,true,true,true,4,4,6,true,4,6,16,28,3,3,8,10,0,0.5,0.85714286,0,
945,default,true,true,true,true,true,true,true,5,2,4,true,12,13,26,1,4,3,6,1,1,1,1,1,
946,default,true,true,true,true,true,true,true,3,3,6,true,3,5,21,27,1,1,9,16,0,0.66666667,0.85714286,0.33333333,
947,default,true,true,true,true,true,true,true,2,2,4,true,2,2,2,2,1,1,1,0,0,0,0,0.5,
948,default,true,true,true,true,true,true,true,4,7,6,true,6,8,40,28,3,4,19,5,0.33333333,0.33333333,1,1,
949,default,true,true,true,true,true,true,true,0,0,1,true,82,69,170,97,28,28,65,51,0,0,0.66666667,0.625,
950,default,true,true,true,true,true,true,true,2,1,3,true,26,21,67,5,6,6,20,1,0.4,0.2,1,0,
951,default,true,true,true,true,true,true,true,3,3,5,true,4,4,10,40,3,1,2,22,1,1,1,0.83333333,
952,default,true,true,true,true,true,true,true,3,1,5,true,14,7,12,39,1,1,2,20,0.33333333,0.33333333,0.75,1,
953,default,true,true,true,true,true,true,true,3,2,8,true,2,3,17,12,1,2,5,2,0.5,0.66666667,0.83333333,1,
954,default,true,true,true,true,true,true,true,2,2,3,true,24,23,55,26,6,5,17,7,0.125,0.14285714,0.71428571,0,
955,default,true,true,true,true,true,true,true,4,5,10,true,8,7,24,18,2,2,6,5,0.375,0.42857143,0.75,0.57142857,
956,default,true,true,true,true,true,true,true,2,1,2,true,22,43,34,18,3,8,6,4,0.33333333,0.83333333,0.71428571,0.83333333,
957,default,true,true,true,true,true,true,true,6,7,7,true,25,33,15,9,9,12,4,4,1,1,0.57142857,0,
958,default,true,true,true,true,true,true,true,1,2,4,true,13,6,11,5,4,4,5,3,0,0,0.42857143,0,
959,default,true,true,true,true,true,true,true,1,1,6,true,3,4,15,11,1,3,5,5,0.33333333,0.5,0.83333333,0,
960,default,true,true,true,true,true,true,true,3,1,5,true,4,0,11,17,1,0,2,3,1,,1,0.71428571,
961,default,true,true,true,true,true,true,true,0,1,2,true,6,6,13,19,0,0,2,5,0,0,0.66666667,0.625,
962,default,true,true,true,true,true,true,true,1,2,4,true,4,2,5,16,1,1,1,3,0.5,0.5,1,0,
963,default,true,true,true,true,true,true,true,0,2,2,true,1,0,7,78,0,0,0,36,0,,1,0,
964,default,true,true,true,true,true,true,true,4,4,6,true,3,2,2,30,1,1,1,11,0.33333333,0,0,1,
965,default,true,true,true,true,true,true,true,4,1,4,true,14,9,45,23,4,5,20,6,0,0.2,1,0.28571429,
966,default,true,true,true,true,true,true,true,1,1,2,true,22,16,34,4,7,7,15,2,0,0,0.66666667,0,
967,default,true,true,true,true,true,true,true,3,9,5,true,31,43,42,11,7,16,12,4,0.28571429,0.66666667,0.88888889,0.83333333,
968,default,true,true,true,true,true,true,true,5,1,8,true,9,5,34,35,3,3,19,15,0.71428571,0.4,1,0,
969,default,true,true,true,true,true,true,true,5,3,6,true,1,1,8,8,1,1,3,2,0,0,0.83333333,0,
970,default,true,true,true,true,true,true,true,5,3,2,true,46,35,66,21,26,26,47,9,0.16666667,0.16666667,0.5,0,
971,default,true,true,true,true,true,true,true,6,6,5,true,1,1,11,3,0,0,4,2,0,0,1,0,
972,default,true,true,true,true,true,true,true,2,1,5,true,11,27,105,7,5,12,52,4,0.16666667,0.85714286,1,1,
973,default,true,true,true,true,true,true,true,3,4,3,true,6,2,1,35,1,0,0,16,0.66666667,0.5,0,1,
974,default,true,true,true,true,true,true,true,0,3,4,true,3,0,0,24,0,0,0,6,1,,,0.875,
975,default,true,true,true,true,true,true,true,1,0,2,true,18,15,11,16,4,7,2,7,0.75,0.8,0.5,1,
976,default,true,true,true,true,true,true,true,3,3,5,true,47,25,21,16,6,5,5,2,0.875,0.75,0.6,0,
977,default,true,true,true,true,true,true,true,2,2,6,true,14,10,48,45,1,1,15,12,0.8,0,1,0.4,
978,default,true,true,true,true,true,true,true,4,4,5,true,1,0,13,15,0,0,3,10,1,,1,0.75,
979,default,true,true,true,true,true,true,true,3,2,6,true,14,7,15,17,2,1,3,7,0.66666667,0.2,0.71428571,0.44444444,
980,default,true,true,true,true,true,true,true,1,2,3,true,46,40,48,9,15,20,26,1,0.54545455,0.72727273,0.69230769,0.57142857,
981,default,true,true,true,true,true,true,true,5,2,7,true,5,2,5,25,3,1,3,5,0.8,0.5,0.8,0.11111111,
982,default,true,true,true,true,true,true,true,2,0,3,true,30,24,34,93,7,7,12,13,1,1,1,0.5,
983,default,true,true,true,true,true,true,true,1,2,5,true,6,5,11,11,3,3,5,7,0.16666667,0,0.57142857,0,
984,default,true,true,true,true,true,true,true,1,3,7,true,9,6,65,67,6,5,23,20,0.28571429,0,1,0,
985,default,true,true,true,true,true,true,true,2,1,2,true,9,7,34,25,3,3,12,9,0,0,0.88888889,0.22222222,
986,default,true,true,true,true,true,true,true,0,1,1,true,34,12,40,41,11,6,16,9,0.83333333,0,0.77777778,0.85714286,
987,default,true,true,true,true,true,true,true,2,1,6,true,47,6,24,9,12,6,12,6,1,0,0.8,0.4,
988,default,true,true,true,true,true,true,true,4,3,2,true,8,11,36,21,4,7,11,8,0,0.28571429,0.71428571,0.44444444,
989,default,true,true,true,true,true,true,true,4,1,4,true,11,1,9,24,3,0,2,4,1,1,1,0,
990,default,true,true,true,true,true,true,true,4,3,4,true,6,8,23,44,4,7,10,14,0.25,0.5,0.81818182,0,
991,default,true,true,true,true,true,true,true,2,4,4,true,7,3,3,26,4,2,1,7,1,1,1,0.71428571,
992,default,true,true,true,true,true,true,true,5,2,4,true,31,8,40,14,18,6,23,5,0.83333333,0.25,1,0,
993,default,true,true,true,true,true,true,true,3,2,6,true,6,6,3,52,2,4,2,20,1,0.75,0.66666667,0,
994,default,true,true,true,true,true,true,true,6,2,4,true,14,14,62,0,6,9,23,0,0.85714286,0.85714286,0.88888889,,
995,default,true,true,true,true,true,true,true,1,1,3,true,3,2,16,3,0,0,4,1,0,0,0.85714286,1,
996,default,true,true,true,true,true,true,true,2,2,3,true,3,12,8,31,0,2,2,12,0,1,0.33333333,0,
997,default,true,true,true,true,true,true,true,3,3,2,true,96,58,136,36,25,19,41,11,0.88888889,0.625,0.66666667,0,
998,default,true,true,true,true,true,true,true,0,1,3,true,19,37,87,89,10,14,26,27,0,0.7,0.88888889,0.125,
999,default,true,true,true,true,true,true,true,4,5,2,true,3,3,21,36,0,1,5,11,0,0.66666667,1,0.125,
